exit_key,amenity_id,venue_id,name_en,latitude,longitude,z_value
317e8046-6466-4c8f-9d3b-228b2494c28c_Exit E,241c7c7b-2bdf-4234-873c-8b1a8445cf95,317e8046-6466-4c8f-9d3b-228b2494c28c,Exit E,22.31637791000003,113.93582398000001,12.14999999999418
317e8046-6466-4c8f-9d3b-228b2494c28c_Exit D,2a0920fb-be82-4a87-8b85-2e4fb2e0d84c,317e8046-6466-4c8f-9d3b-228b2494c28c,Exit D,22.315168560000075,113.9362755200001,12.14999999999418
317e8046-6466-4c8f-9d3b-228b2494c28c_Exit A,bae5b01a-cac5-4f45-ab32-ee5cda58be13,317e8046-6466-4c8f-9d3b-228b2494c28c,Exit A,22.31523455000007,113.93653071000006,16.94999999999709
317e8046-6466-4c8f-9d3b-228b2494c28c_Exit B,247d2a3b-6ca0-44ee-82df-0bd51643a6c9,317e8046-6466-4c8f-9d3b-228b2494c28c,Exit B,22.31585945000006,113.9362967300001,16.94999999999709
317e8046-6466-4c8f-9d3b-228b2494c28c_Exit C,d8e9fc27-87fa-4f9e-832c-e8183ba4fe95,317e8046-6466-4c8f-9d3b-228b2494c28c,Exit C,22.316474090000042,113.93606895000005,16.94999999999709
e0b46dd5-03c0-47b9-bca8-5a0e3e7d8a23_Exit C,b148404d-9e7b-4e0b-bfd6-66d83f5c6a15,e0b46dd5-03c0-47b9-bca8-5a0e3e7d8a23,Exit C,22.30759168000003,114.25985862000005,6.94999999999709
e0b46dd5-03c0-47b9-bca8-5a0e3e7d8a23_Exit B,0038a68e-6d23-458c-b3c9-34f748b872d0,e0b46dd5-03c0-47b9-bca8-5a0e3e7d8a23,Exit B,22.307206980000046,114.25935725000011,6.94999999999709
e0b46dd5-03c0-47b9-bca8-5a0e3e7d8a23_Exit A,ff240248-3a48-4fff-8f4a-1282ba073b00,e0b46dd5-03c0-47b9-bca8-5a0e3e7d8a23,Exit A,22.30755191000003,114.26052278000009,6.94999999999709
e0b46dd5-03c0-47b9-bca8-5a0e3e7d8a23_Exit A1,c307423b-33f3-48de-9ce8-c747150121ad,e0b46dd5-03c0-47b9-bca8-5a0e3e7d8a23,Exit A1,22.307713470000067,114.26070679000009,6.94999999999709
e0b46dd5-03c0-47b9-bca8-5a0e3e7d8a23_Exit A2,f953185d-1beb-4acc-bdc2-23243eecee71,e0b46dd5-03c0-47b9-bca8-5a0e3e7d8a23,Exit A2,22.30758700000007,114.26075622000008,6.94999999999709
e0b46dd5-03c0-47b9-bca8-5a0e3e7d8a23_Exit B2,dd5a937d-921a-47e2-afce-53b4a021f35e,e0b46dd5-03c0-47b9-bca8-5a0e3e7d8a23,Exit B2,22.307176640000023,114.25913266000009,6.94999999999709
e0b46dd5-03c0-47b9-bca8-5a0e3e7d8a23_Exit B1,7e5c9d85-7486-4c84-855c-ed6dbadd2d27,e0b46dd5-03c0-47b9-bca8-5a0e3e7d8a23,Exit B1,22.307049220000067,114.25918344000002,6.94999999999709
702fd880-192f-49a0-9daf-ad10c7eae5af_Exit A1,b0961fc5-855b-41e7-99eb-501e586a6a4e,702fd880-192f-49a0-9daf-ad10c7eae5af,Exit A1,22.282934950000026,114.1920862400001,4.7149999999965075
702fd880-192f-49a0-9daf-ad10c7eae5af_Exit A2,08d6e2ff-02da-44f3-9628-79fdd6de18bd,702fd880-192f-49a0-9daf-ad10c7eae5af,Exit A2,22.282920860000047,114.19181423000009,4.7149999999965075
702fd880-192f-49a0-9daf-ad10c7eae5af_Exit B,81da13ce-471d-4b21-83f1-77fa0ab1c7ec,702fd880-192f-49a0-9daf-ad10c7eae5af,Exit B,22.28240093000005,114.19172384000001,-3.1000000000058208
702fd880-192f-49a0-9daf-ad10c7eae5af_Exit A,209bf7db-396b-414e-a681-e3e390bbe67f,702fd880-192f-49a0-9daf-ad10c7eae5af,Exit A,22.282677070000034,114.19190131000005,-3.1000000000058208
ebbf8c2d-07ba-4a88-a964-56135c58efd8_Exit A,ab01b6e5-e540-464e-9366-5f5d22b68f12,ebbf8c2d-07ba-4a88-a964-56135c58efd8,Exit A,22.33198199000003,114.02862825000011,7.80000000000291
058fd3b2-9bcf-48dd-b641-8c2465739e0e_Exit D,3788c2fd-f9ea-4a7a-9812-e7bd6bd74688,058fd3b2-9bcf-48dd-b641-8c2465739e0e,Exit D,22.33113547000005,114.16195664000008,-5.399999999994179
058fd3b2-9bcf-48dd-b641-8c2465739e0e_Exit C,1dfbd059-e581-4102-9fd2-13a038e7f0dc,058fd3b2-9bcf-48dd-b641-8c2465739e0e,Exit C,22.330981080000072,114.16183251000007,-5.399999999994179
058fd3b2-9bcf-48dd-b641-8c2465739e0e_Exit B,972cd83a-ac8d-4511-9a77-7b9c3c0a6f19,058fd3b2-9bcf-48dd-b641-8c2465739e0e,Exit B,22.330464380000024,114.16281476000006,-5.399999999994179
058fd3b2-9bcf-48dd-b641-8c2465739e0e_Exit A,9344868d-b9f1-4877-83fe-304fbe463b0a,058fd3b2-9bcf-48dd-b641-8c2465739e0e,Exit A,22.330307790000063,114.16270617000009,-5.399999999994179
058fd3b2-9bcf-48dd-b641-8c2465739e0e_Exit A1,e868becf-8c64-442c-a131-bf2c16635fd7,058fd3b2-9bcf-48dd-b641-8c2465739e0e,Exit A1,22.330280490000064,114.16263660000004,4.399999999994179
058fd3b2-9bcf-48dd-b641-8c2465739e0e_Exit D1,efcb377d-4558-4b9b-9e71-9cb5ad35f7b8,058fd3b2-9bcf-48dd-b641-8c2465739e0e,Exit D1,22.331154110000057,114.16202771000007,4.399999999994179
058fd3b2-9bcf-48dd-b641-8c2465739e0e_Exit C2,8f9c350e-4933-4c4b-b1d4-fc80ff739f9c,058fd3b2-9bcf-48dd-b641-8c2465739e0e,Exit C2,22.330654690000074,114.16155655000011,4.399999999994179
058fd3b2-9bcf-48dd-b641-8c2465739e0e_Exit C1,91007a41-a94f-43ed-9f25-aa4477c59fb3,058fd3b2-9bcf-48dd-b641-8c2465739e0e,Exit C1,22.330955790000075,114.16176411000004,4.399999999994179
058fd3b2-9bcf-48dd-b641-8c2465739e0e_Exit B2,cd5bca68-b5bc-4f9f-892a-42a65db7bf14,058fd3b2-9bcf-48dd-b641-8c2465739e0e,Exit B2,22.330797630000063,114.16310657000008,4.399999999994179
058fd3b2-9bcf-48dd-b641-8c2465739e0e_Exit D2,7bac5e3b-89d4-4e58-9da4-259f291cfa8b,058fd3b2-9bcf-48dd-b641-8c2465739e0e,Exit D2,22.33145594000007,114.16223269000011,4.399999999994179
058fd3b2-9bcf-48dd-b641-8c2465739e0e_Exit A2,d51e53e7-60a0-4539-9cbd-11bcffa7e4a6,058fd3b2-9bcf-48dd-b641-8c2465739e0e,Exit A2,22.329978630000028,114.16243542000007,4.399999999994179
058fd3b2-9bcf-48dd-b641-8c2465739e0e_Exit B1,534060a1-6e86-44cc-9ac6-3de5fef0afaf,058fd3b2-9bcf-48dd-b641-8c2465739e0e,Exit B1,22.33048628000006,114.16288785000006,4.399999999994179
7484e00c-834d-4c13-a14b-13c5fef29415_Exit B1,9b9ce3e6-b3f0-4da6-baf4-5454502aff6b,7484e00c-834d-4c13-a14b-13c5fef29415,Exit B1,22.298571410000022,114.23678732000008,17.5
7484e00c-834d-4c13-a14b-13c5fef29415_Exit A1,257463d2-f421-4aa6-a925-1ca954f88750,7484e00c-834d-4c13-a14b-13c5fef29415,Exit A1,22.297285920000036,114.23772759000008,17.5
7484e00c-834d-4c13-a14b-13c5fef29415_Exit B2,07d5134e-1e75-4b5f-b117-a26b17e0b90f,7484e00c-834d-4c13-a14b-13c5fef29415,Exit B2,22.298813730000063,114.2362549500001,8.39999999999418
7484e00c-834d-4c13-a14b-13c5fef29415_Exit A2,ea211e21-2fb2-4b42-8c60-e6564cd38351,7484e00c-834d-4c13-a14b-13c5fef29415,Exit A2,22.296786290000057,114.23774258000003,8.39999999999418
7484e00c-834d-4c13-a14b-13c5fef29415_Exit A,efa27b80-a32e-4667-b531-c03c94afe2ba,7484e00c-834d-4c13-a14b-13c5fef29415,Exit A,22.297300860000064,114.23756665000008,17.5
7484e00c-834d-4c13-a14b-13c5fef29415_Exit B,d0bc3c34-ea46-4998-a477-95d7ca8a609b,7484e00c-834d-4c13-a14b-13c5fef29415,Exit B,22.29840758000006,114.23675115000003,17.5
b891c479-a877-4618-869a-a1c9804390e4_Exit B,b943411a-1c20-49ad-a281-2450816e0f83,b891c479-a877-4618-869a-a1c9804390e4,Exit B,22.27909316000006,114.22964195000009,-3.0500000000029104
b891c479-a877-4618-869a-a1c9804390e4_Exit C,0806c88d-929f-4c4c-bdc8-d757d937dbfd,b891c479-a877-4618-869a-a1c9804390e4,Exit C,22.278838480000047,114.22967309,3.9499999999970896
b891c479-a877-4618-869a-a1c9804390e4_Exit D,0d0e2846-bea9-4750-8f57-5898c6387ef4,b891c479-a877-4618-869a-a1c9804390e4,Exit D,22.279190890000052,114.22882303000006,-3.0500000000029104
b891c479-a877-4618-869a-a1c9804390e4_Exit A,0c965ba3-b4cb-4f84-b34d-3c069d0024d5,b891c479-a877-4618-869a-a1c9804390e4,Exit A,22.279066960000023,114.22849055000006,-3.0500000000029104
b891c479-a877-4618-869a-a1c9804390e4_Exit A3,2f2cde18-92df-4c40-84a1-4f149b932d08,b891c479-a877-4618-869a-a1c9804390e4,Exit A3,22.27866202000007,114.22818131000008,3.8999999999941792
b891c479-a877-4618-869a-a1c9804390e4_Exit A2,fcc10f3d-c1c4-4256-b98a-c7c177f45cc7,b891c479-a877-4618-869a-a1c9804390e4,Exit A2,22.27870758000006,114.22864056000003,3.8999999999941792
b891c479-a877-4618-869a-a1c9804390e4_Exit A1,7a36fb61-f541-4c00-acd0-850e952780c8,b891c479-a877-4618-869a-a1c9804390e4,Exit A1,22.278946550000057,114.22867630000007,3.5
b891c479-a877-4618-869a-a1c9804390e4_Exit B1,f5ca07c3-e8d3-441e-9ac0-e5fd28371073,b891c479-a877-4618-869a-a1c9804390e4,Exit B1,22.279146500000024,114.22977557000002,4.279999999998836
b891c479-a877-4618-869a-a1c9804390e4_Exit B2,d7031502-0141-4c29-bec6-1f2b014d9dc7,b891c479-a877-4618-869a-a1c9804390e4,Exit B2,22.279807520000077,114.22986666000008,3.929999999993015
b891c479-a877-4618-869a-a1c9804390e4_Exit B3,c9d44fb4-3626-4af5-a095-8b109b5f38a7,b891c479-a877-4618-869a-a1c9804390e4,Exit B3,22.27959364000003,114.22828774000004,4.149999999994179
b891c479-a877-4618-869a-a1c9804390e4_Exit D1,5eeb0077-004f-420b-b24a-6db47f6823e2,b891c479-a877-4618-869a-a1c9804390e4,Exit D1,22.280459440000072,114.22979952000003,4.899999999994179
b891c479-a877-4618-869a-a1c9804390e4_Exit D2,7db8263c-9eda-4159-b2b3-2fba2833d25f,b891c479-a877-4618-869a-a1c9804390e4,Exit D2,22.27975372000003,114.22891773000003,4.0
7b7fd72b-7438-463d-91be-f0a02689e4d8_Exit A,36b2780e-6802-403c-b7b7-e4abf64bf2f5,7b7fd72b-7438-463d-91be-f0a02689e4d8,Exit A,22.450614640000026,114.16088146000004,13.80000000000291
7b7fd72b-7438-463d-91be-f0a02689e4d8_Exit B,6a727678-e0ab-4a46-b0ec-c2b25970468f,7b7fd72b-7438-463d-91be-f0a02689e4d8,Exit B,22.451034940000056,114.16131890000008,19.220000000001164
cda69869-c3be-42f3-8fb4-a7cbb2fe97f5_Exit A1,ff5e68f7-4d75-4614-ae97-54152a0cbd46,cda69869-c3be-42f3-8fb4-a7cbb2fe97f5,Exit A1,22.287098370000024,114.14445965000004,7.600000000005821
cda69869-c3be-42f3-8fb4-a7cbb2fe97f5_Exit A2,da869ee4-b92d-43e4-853e-07ee0bf21567,cda69869-c3be-42f3-8fb4-a7cbb2fe97f5,Exit A2,22.28773755000003,114.14422035000007,3.6600000000034925
cda69869-c3be-42f3-8fb4-a7cbb2fe97f5_Exit B1,cfd85c71-7ddf-420d-a65e-c60c0732844c,cda69869-c3be-42f3-8fb4-a7cbb2fe97f5,Exit B1,22.28645910000006,114.14174428000001,15.0
cda69869-c3be-42f3-8fb4-a7cbb2fe97f5_Exit B3,0b7e6548-a88c-435f-ad90-6328ee920ba5,cda69869-c3be-42f3-8fb4-a7cbb2fe97f5,Exit B3,22.287584120000076,114.1415037700001,5.5
cda69869-c3be-42f3-8fb4-a7cbb2fe97f5_Exit B,99c67431-c275-4175-b92b-fdc31c7f605c,cda69869-c3be-42f3-8fb4-a7cbb2fe97f5,Exit B,22.285196120000023,114.14228452000009,-25.360000000000582
cda69869-c3be-42f3-8fb4-a7cbb2fe97f5_Exit C,a5846cf9-1cc0-4829-8748-dbc02b357f7f,cda69869-c3be-42f3-8fb4-a7cbb2fe97f5,Exit C,22.284497620000025,114.14334030000009,62.75
cda69869-c3be-42f3-8fb4-a7cbb2fe97f5_Exit A,aebae9be-41fe-4e7a-958e-8837743b34e5,cda69869-c3be-42f3-8fb4-a7cbb2fe97f5,Exit A,22.285689640000044,114.14301892000003,-25.360000000000582
cda69869-c3be-42f3-8fb4-a7cbb2fe97f5_Exit B2,5897b140-7af6-492c-a7b7-352cea7eb9ea,cda69869-c3be-42f3-8fb4-a7cbb2fe97f5,Exit B2,22.28622039000004,114.1417795100001,23.30000000000291
b62f4857-8453-44a9-a650-3a8bcb08a405_Exit D,95621999-1183-445f-b3fc-3486ae9f0050,b62f4857-8453-44a9-a650-3a8bcb08a405,Exit D,22.44919690000006,114.00546122000003,7.80000000000291
b62f4857-8453-44a9-a650-3a8bcb08a405_Exit C,4e2a87e8-7087-4d9e-a951-f1eada2c3f2c,b62f4857-8453-44a9-a650-3a8bcb08a405,Exit C,22.448112480000077,114.00451146000012,16.80999999999767
b62f4857-8453-44a9-a650-3a8bcb08a405_Exit B,6546e46a-9d09-4b31-b413-501bf0718aaa,b62f4857-8453-44a9-a650-3a8bcb08a405,Exit B,22.44698039000008,114.00339694000002,16.80999999999767
b62f4857-8453-44a9-a650-3a8bcb08a405_Exit A,9f711cc9-c9a6-4acb-a9ea-6a8ed38fa4f7,b62f4857-8453-44a9-a650-3a8bcb08a405,Exit A,22.446729100000027,114.00376752000011,7.80000000000291
b62f4857-8453-44a9-a650-3a8bcb08a405_Exit E1,a688ce99-7c47-44a9-84cb-2a4656e972ab,b62f4857-8453-44a9-a650-3a8bcb08a405,Exit E1,22.449514470000054,114.00584837000008,8.80000000000291
b62f4857-8453-44a9-a650-3a8bcb08a405_Exit E2,f9e77818-b97c-45f7-a61a-c0cbed92a3e7,b62f4857-8453-44a9-a650-3a8bcb08a405,Exit E2,22.449422670000047,114.00595600000008,8.80000000000291
b62f4857-8453-44a9-a650-3a8bcb08a405_Exit E3,11b0bb73-242b-44b9-8afb-287c08d2736e,b62f4857-8453-44a9-a650-3a8bcb08a405,Exit E3,22.449303690000022,114.00609481000004,8.80000000000291
57905483-c9d5-483c-9654-442434d20947_Exit A,cb71f2b5-5b2e-4067-a85e-93509f8cdc24,57905483-c9d5-483c-9654-442434d20947,Exit A,22.322525280000036,114.21417098000006,10.110000000000582
57905483-c9d5-483c-9654-442434d20947_Exit C,4743a164-f714-4749-91b4-b200ef5b277c,57905483-c9d5-483c-9654-442434d20947,Exit C,22.323651350000034,114.21399112000006,10.110000000000582
57905483-c9d5-483c-9654-442434d20947_Exit B,8992a8db-fb03-4c2f-a18b-8be93a0019fb,57905483-c9d5-483c-9654-442434d20947,Exit B,22.324468670000044,114.21397105000005,10.110000000000582
0556c2c1-dc84-4935-8c10-8dc36ae6c3c6_Exit A,869779be-4b29-478a-a9a2-469a2e173fc7,0556c2c1-dc84-4935-8c10-8dc36ae6c3c6,Exit A,22.34187507000007,114.19448553000007,15.60000000000582
0556c2c1-dc84-4935-8c10-8dc36ae6c3c6_Exit E,4537c049-f092-4abb-8001-eb031a53dd70,0556c2c1-dc84-4935-8c10-8dc36ae6c3c6,Exit E,22.341874620000056,114.19464182000002,15.60000000000582
0556c2c1-dc84-4935-8c10-8dc36ae6c3c6_Exit D1,8fb7ddd4-a70c-4ea8-88af-65d4dedf74ed,0556c2c1-dc84-4935-8c10-8dc36ae6c3c6,Exit D1,22.341583040000046,114.19505804000005,15.60000000000582
0556c2c1-dc84-4935-8c10-8dc36ae6c3c6_Exit D2,b5bc7a39-3743-4f98-929c-755b44ffc196,0556c2c1-dc84-4935-8c10-8dc36ae6c3c6,Exit D2,22.341256550000026,114.19467899000006,15.60000000000582
0556c2c1-dc84-4935-8c10-8dc36ae6c3c6_Exit B1,4af41676-8b62-49cb-9702-a29f598d6d97,0556c2c1-dc84-4935-8c10-8dc36ae6c3c6,Exit B1,22.34181882000007,114.19285461000004,15.60000000000582
0556c2c1-dc84-4935-8c10-8dc36ae6c3c6_Exit C2,20cb474b-e5b9-4608-9d8a-b80988354813,0556c2c1-dc84-4935-8c10-8dc36ae6c3c6,Exit C2,22.34140091000006,114.19318711000005,15.60000000000582
0556c2c1-dc84-4935-8c10-8dc36ae6c3c6_Exit C1,5c3550cb-e5b0-405d-9ac0-1a004e387de1,0556c2c1-dc84-4935-8c10-8dc36ae6c3c6,Exit C1,22.34158166000003,114.19295646,15.60000000000582
0556c2c1-dc84-4935-8c10-8dc36ae6c3c6_Exit B3,38555281-d008-4601-832c-fc10efd96fce,0556c2c1-dc84-4935-8c10-8dc36ae6c3c6,Exit B3,22.341939970000055,114.1931818600001,9.089999999996508
0556c2c1-dc84-4935-8c10-8dc36ae6c3c6_Exit D3,55d15f60-af8b-4800-931c-a1e110d1dedb,0556c2c1-dc84-4935-8c10-8dc36ae6c3c6,Exit D3,22.34132845000005,114.19461876000003,7.220000000001164
0556c2c1-dc84-4935-8c10-8dc36ae6c3c6_Exit B,573dfbe4-933a-4091-ab4e-073b45033425,0556c2c1-dc84-4935-8c10-8dc36ae6c3c6,Exit B,22.34186256000004,114.19349622000004,4.5
0556c2c1-dc84-4935-8c10-8dc36ae6c3c6_Exit C,a40e1738-1184-4b26-9746-be825ff82b5e,0556c2c1-dc84-4935-8c10-8dc36ae6c3c6,Exit C,22.341583370000023,114.19347930000004,4.5
0556c2c1-dc84-4935-8c10-8dc36ae6c3c6_Exit D,330a11db-68e7-42d2-a1a4-2bdeb48cd69b,0556c2c1-dc84-4935-8c10-8dc36ae6c3c6,Exit D,22.341582550000055,114.19466123000007,4.5
0556c2c1-dc84-4935-8c10-8dc36ae6c3c6_Exit B2,7af66e92-3782-4963-89aa-287a7f3ff93b,0556c2c1-dc84-4935-8c10-8dc36ae6c3c6,Exit B2,22.341823430000034,114.19345177000002,15.60000000000582
e279ca60-ec56-4186-8839-09c0048f60c2_Exit E,22f68c5f-58fb-49cb-a118-65c0dcbb3678,e279ca60-ec56-4186-8839-09c0048f60c2,Exit E,22.372610810000026,114.17752381000003,6.0
e279ca60-ec56-4186-8839-09c0048f60c2_Exit G,5fb5c39d-50cc-482e-9a56-3b9d8f34f693,e279ca60-ec56-4186-8839-09c0048f60c2,Exit G,22.372314180000046,114.17704102000005,6.0
e279ca60-ec56-4186-8839-09c0048f60c2_Exit F,f3925e4f-75ef-45c4-870f-4a5f31abebb0,e279ca60-ec56-4186-8839-09c0048f60c2,Exit F,22.372403290000022,114.17772578000006,6.0
e279ca60-ec56-4186-8839-09c0048f60c2_Exit H,31e64457-fde4-426d-b3f8-6c98927ec097,e279ca60-ec56-4186-8839-09c0048f60c2,Exit H,22.373436150000032,114.17946887000005,21.5
e279ca60-ec56-4186-8839-09c0048f60c2_Exit A,5d7f8946-5b25-488c-9cd1-3c4811437b4d,e279ca60-ec56-4186-8839-09c0048f60c2,Exit A,22.373565290000045,114.17882421000002,6.0
e279ca60-ec56-4186-8839-09c0048f60c2_Exit B,010258c7-8bc6-4613-85a5-784529a7a072,e279ca60-ec56-4186-8839-09c0048f60c2,Exit B,22.372949910000045,114.1793280600001,6.0
e279ca60-ec56-4186-8839-09c0048f60c2_Exit D,9f0e3634-6c75-4d3d-b670-bd35faaea548,e279ca60-ec56-4186-8839-09c0048f60c2,Exit D,22.37303024000005,114.1780872600001,6.0
e279ca60-ec56-4186-8839-09c0048f60c2_Exit C,fa9ddb8a-09aa-496b-bcad-89ad86575b93,e279ca60-ec56-4186-8839-09c0048f60c2,Exit C,22.372637540000028,114.17805328000009,6.0
402d0a0a-e6df-4a19-952d-6fc371dedc2e_Exit C,1452d979-f37f-41a3-9ec7-8b6244814ccb,402d0a0a-e6df-4a19-952d-6fc371dedc2e,Exit C,22.280492710000033,114.18278279000003,3.7400000000052387
402d0a0a-e6df-4a19-952d-6fc371dedc2e_Exit B,c813012d-9e22-463c-8e79-41bb8b2aa79b,402d0a0a-e6df-4a19-952d-6fc371dedc2e,Exit B,22.280159380000043,114.18285970000011,3.9100000000034925
402d0a0a-e6df-4a19-952d-6fc371dedc2e_Exit F1,74ae4706-455e-4fa6-ac3f-38069c1e99de,402d0a0a-e6df-4a19-952d-6fc371dedc2e,Exit F1,22.279854190000037,114.18435138000007,4.149999999994179
402d0a0a-e6df-4a19-952d-6fc371dedc2e_Exit E,3a822b8c-8be0-4bc6-afd8-96238e546e43,402d0a0a-e6df-4a19-952d-6fc371dedc2e,Exit E,22.280376060000037,114.18507179000005,4.19999999999709
402d0a0a-e6df-4a19-952d-6fc371dedc2e_Exit D2,c261b03a-69f5-4686-8c68-df2309de60ee,402d0a0a-e6df-4a19-952d-6fc371dedc2e,Exit D2,22.280296880000037,114.18425568000009,4.05000000000291
402d0a0a-e6df-4a19-952d-6fc371dedc2e_Exit D1,c784c04a-ab63-4844-b617-d27efd25c80b,402d0a0a-e6df-4a19-952d-6fc371dedc2e,Exit D1,22.280589890000044,114.18426419000002,4.149999999994179
402d0a0a-e6df-4a19-952d-6fc371dedc2e_Exit D,8e73237c-3810-4afb-a263-a88f9f8dea83,402d0a0a-e6df-4a19-952d-6fc371dedc2e,Exit D,22.280544340000063,114.18461416000002,-8.64999999999418
402d0a0a-e6df-4a19-952d-6fc371dedc2e_Exit F,06242efe-4612-4b1e-9336-c29f75242e94,402d0a0a-e6df-4a19-952d-6fc371dedc2e,Exit F,22.28032956000004,114.18433713000002,-8.64999999999418
402d0a0a-e6df-4a19-952d-6fc371dedc2e_Exit D4,a94407a6-da54-4247-aa35-15ea69fb7a56,402d0a0a-e6df-4a19-952d-6fc371dedc2e,Exit D4,22.280415920000053,114.18424547000006,0.375
402d0a0a-e6df-4a19-952d-6fc371dedc2e_Exit D3,9e2e8001-00f9-4b2f-a94d-80af0453218f,402d0a0a-e6df-4a19-952d-6fc371dedc2e,Exit D3,22.280464400000028,114.18432081000003,0.375
402d0a0a-e6df-4a19-952d-6fc371dedc2e_Exit F2,45995857-e885-429b-a2b1-43e1978d01d2,402d0a0a-e6df-4a19-952d-6fc371dedc2e,Exit F2,22.27992087000007,114.18411088000005,1.4109999999927823
402d0a0a-e6df-4a19-952d-6fc371dedc2e_Exit A,c58382bf-632c-4323-8984-22ee780c6481,402d0a0a-e6df-4a19-952d-6fc371dedc2e,Exit A,22.27858597000005,114.18272507000006,-23.520000000004075
1308e337-699a-4231-810e-2d03f541b4ac_Exit A,0089f1ca-dc68-4fd2-9d92-1477b04aaecb,1308e337-699a-4231-810e-2d03f541b4ac,Exit A,22.407704030000048,114.22229744000003,2.9799999999959255
1308e337-699a-4231-810e-2d03f541b4ac_Exit B,3c411592-8daf-4d80-91a1-7ce2cd0120ff,1308e337-699a-4231-810e-2d03f541b4ac,Exit B,22.407665420000058,114.22238273000005,2.9799999999959255
a53f1496-d416-45e2-8ea4-14db1b6cff8b_Exit B,627485b3-aa67-47e5-bb0c-e1073445b6c1,a53f1496-d416-45e2-8ea4-14db1b6cff8b,Exit B,22.491766530000064,114.13871214000005,24.69999999999709
a53f1496-d416-45e2-8ea4-14db1b6cff8b_Exit A1,e7704a66-5e2d-4a6f-821b-09db94f14cb9,a53f1496-d416-45e2-8ea4-14db1b6cff8b,Exit A1,22.49206288000005,114.13904891000004,24.69999999999709
a53f1496-d416-45e2-8ea4-14db1b6cff8b_Exit C,0b442b37-c1b3-4232-90c2-7b6763754fb1,a53f1496-d416-45e2-8ea4-14db1b6cff8b,Exit C,22.49262856000007,114.13835419000009,18.55999999999767
a53f1496-d416-45e2-8ea4-14db1b6cff8b_Exit A2,aaee17a1-5971-472f-b5a6-b812799f659f,a53f1496-d416-45e2-8ea4-14db1b6cff8b,Exit A2,22.491841530000045,114.13921718000006,18.55999999999767
a53f1496-d416-45e2-8ea4-14db1b6cff8b_Exit A3,97e62827-0229-4819-a190-8cd5cc342657,a53f1496-d416-45e2-8ea4-14db1b6cff8b,Exit A3,22.492171790000043,114.13888951000001,18.55999999999767
a53f1496-d416-45e2-8ea4-14db1b6cff8b_Exit A,f9b1b888-a4a9-433d-991b-824dabcd1b62,a53f1496-d416-45e2-8ea4-14db1b6cff8b,Exit A,22.491962010000066,114.13893932000008,24.69999999999709
c660346a-064e-42d4-8501-7bb5cd7e893f_Exit D,1fa1ee24-4296-4c39-bd93-4102e7335290,c660346a-064e-42d4-8501-7bb5cd7e893f,Exit D,22.36359028000004,114.13112302000002,7.75
c660346a-064e-42d4-8501-7bb5cd7e893f_Exit A,1ade7dd5-ecdf-48c8-8f8a-2cbf8c660d4d,c660346a-064e-42d4-8501-7bb5cd7e893f,Exit A,22.363743570000054,114.13128533000008,7.75
c660346a-064e-42d4-8501-7bb5cd7e893f_Exit B,cb408002-dce6-4245-af80-a5fe92415698,c660346a-064e-42d4-8501-7bb5cd7e893f,Exit B,22.362743720000026,114.1312518200001,7.75
c660346a-064e-42d4-8501-7bb5cd7e893f_Exit C,af8cb059-a7d5-4a05-9c2b-aa2cbbecbd08,c660346a-064e-42d4-8501-7bb5cd7e893f,Exit C,22.362599600000067,114.13108575000001,7.75
c660346a-064e-42d4-8501-7bb5cd7e893f_Exit E,3d345188-c8dd-4368-b633-2d112db79beb,c660346a-064e-42d4-8501-7bb5cd7e893f,Exit E,22.362737840000023,114.13132688000007,15.059999999997672
6c1ffd3a-3613-4bd8-a901-32636005f378_Exit C1,89cc452e-a204-4db6-bab2-655dced3f937,6c1ffd3a-3613-4bd8-a901-32636005f378,Exit C1,22.338383580000027,114.13834156000007,5.0
6c1ffd3a-3613-4bd8-a901-32636005f378_Exit D,f8cd5c19-f7ff-41d4-a6b4-c9ffe47bb256,6c1ffd3a-3613-4bd8-a901-32636005f378,Exit D,22.33799674000005,114.13773651000008,5.0
6c1ffd3a-3613-4bd8-a901-32636005f378_Exit G,f5821854-e020-494e-b1e0-9470692ae764,6c1ffd3a-3613-4bd8-a901-32636005f378,Exit G,22.33967899000004,114.13645435000001,17.369999999995343
6c1ffd3a-3613-4bd8-a901-32636005f378_Exit F,723aa067-3d07-42ad-bd44-341c8c0290cd,6c1ffd3a-3613-4bd8-a901-32636005f378,Exit F,22.338533480000024,114.1367757700001,10.39999999999418
6c1ffd3a-3613-4bd8-a901-32636005f378_Exit A,8b357b4f-7c87-413f-b13d-018d8d75f659,6c1ffd3a-3613-4bd8-a901-32636005f378,Exit A,22.336684310000066,114.14024231000008,4.600000000005821
6c1ffd3a-3613-4bd8-a901-32636005f378_Exit B,8110f706-8aab-4389-a559-c6c2d7708227,6c1ffd3a-3613-4bd8-a901-32636005f378,Exit B,22.337690060000057,114.13983297000004,5.0
6c1ffd3a-3613-4bd8-a901-32636005f378_Exit C,c12ac462-40e7-42c9-a184-07f1b5d04909,6c1ffd3a-3613-4bd8-a901-32636005f378,Exit C,22.338219500000037,114.1387590700001,-4.0
6c1ffd3a-3613-4bd8-a901-32636005f378_Exit C2,b50b4bea-1a81-4a5a-8614-7abb71ddfdee,6c1ffd3a-3613-4bd8-a901-32636005f378,Exit C2,22.33817995000004,114.13876270000003,5.0
6c1ffd3a-3613-4bd8-a901-32636005f378_Exit E,59e618a6-a305-4295-9b7a-a00b11752c60,6c1ffd3a-3613-4bd8-a901-32636005f378,Exit E,22.338214180000023,114.13859752000008,5.0
3c17605d-df03-4b09-90f5-bbca8cf1294d_Exit C,c99ba4ff-a3e3-45f2-9da9-cd312f3f1623,3c17605d-df03-4b09-90f5-bbca8cf1294d,Exit C,22.28311916000007,114.15709220000008,3.289999999993597
3c17605d-df03-4b09-90f5-bbca8cf1294d_Exit B1,26542223-e4fe-4583-9dbc-9cea3d792019,3c17605d-df03-4b09-90f5-bbca8cf1294d,Exit B1,22.284134120000033,114.15877265000006,7.100000000005821
3c17605d-df03-4b09-90f5-bbca8cf1294d_Exit D,de595564-b4bd-4937-b541-7908554c3732,3c17605d-df03-4b09-90f5-bbca8cf1294d,Exit D,22.284965250000027,114.15732979000006,7.100000000005821
3c17605d-df03-4b09-90f5-bbca8cf1294d_Exit E,068f6094-4f3c-4100-bc83-549d8e398f95,3c17605d-df03-4b09-90f5-bbca8cf1294d,Exit E,22.285046070000078,114.15727410000011,7.100000000005821
3c17605d-df03-4b09-90f5-bbca8cf1294d_Exit B2,2b6b81f5-6ec1-4a61-a3e3-f7a9289930cd,3c17605d-df03-4b09-90f5-bbca8cf1294d,Exit B2,22.284138320000068,114.15898128000003,7.100000000005821
3c17605d-df03-4b09-90f5-bbca8cf1294d_Exit A,02677df8-8921-4981-9691-0befedaeb471,3c17605d-df03-4b09-90f5-bbca8cf1294d,Exit A,22.284211380000045,114.1587464700001,7.100000000005821
3c17605d-df03-4b09-90f5-bbca8cf1294d_Exit F,ffadbd44-c068-4b32-a10e-39fc19a48a01,3c17605d-df03-4b09-90f5-bbca8cf1294d,Exit F,22.285247910000066,114.15848672000004,7.100000000005821
7a2f558e-447c-401d-9a3b-bd004e3e6fdc_Exit A2,b6f64e2e-afe9-401a-b51a-5327c39bfd30,7a2f558e-447c-401d-9a3b-bd004e3e6fdc,Exit A2,22.42516327000004,114.23167646000002,14.330000000001746
7a2f558e-447c-401d-9a3b-bd004e3e6fdc_Exit A1,4369dfa7-ea23-4347-8f0b-66e17349952a,7a2f558e-447c-401d-9a3b-bd004e3e6fdc,Exit A1,22.42505206000004,114.23125319000007,14.330000000001746
7a2f558e-447c-401d-9a3b-bd004e3e6fdc_Exit B,357da535-fded-46ef-8313-9a0227b17891,7a2f558e-447c-401d-9a3b-bd004e3e6fdc,Exit B,22.42457924000007,114.23160690000009,14.330000000001746
48f67114-1d14-47c3-8254-1384edfeb8cb_Exit C,61a0d392-4014-499e-8a3a-4f9d12f1231d,48f67114-1d14-47c3-8254-1384edfeb8cb,Exit C,22.28457442000007,114.21693097000002,1.8999999999941792
48f67114-1d14-47c3-8254-1384edfeb8cb_Exit E,738f56d6-8be4-4896-80db-8d7f34eef4da,48f67114-1d14-47c3-8254-1384edfeb8cb,Exit E,22.28474355000003,114.21693203000007,1.8999999999941792
48f67114-1d14-47c3-8254-1384edfeb8cb_Exit D,d79f2679-a03f-4aa8-936d-b159ed8b8cd3,48f67114-1d14-47c3-8254-1384edfeb8cb,Exit D,22.284745300000054,114.21668698000008,1.8999999999941792
48f67114-1d14-47c3-8254-1384edfeb8cb_Exit A,ae155f94-2843-4e87-ae14-336670d96105,48f67114-1d14-47c3-8254-1384edfeb8cb,Exit A,22.28474606000003,114.21560413000009,1.8999999999941792
48f67114-1d14-47c3-8254-1384edfeb8cb_Exit B,70bd7267-50bd-4a8c-9959-4c36cb6f7c6d,48f67114-1d14-47c3-8254-1384edfeb8cb,Exit B,22.28452679000003,114.21505033000005,16.860000000000582
48f67114-1d14-47c3-8254-1384edfeb8cb_Exit E1,3b2a2e3f-f935-4d87-b4b1-b7ffafcc6e98,48f67114-1d14-47c3-8254-1384edfeb8cb,Exit E1,22.285499410000057,114.21725635000007,1.8999999999941792
48f67114-1d14-47c3-8254-1384edfeb8cb_Exit E2,979d2d56-387e-4e99-9829-9d29bd908de8,48f67114-1d14-47c3-8254-1384edfeb8cb,Exit E2,22.285334720000037,114.2169411100001,24.89999999999418
48f67114-1d14-47c3-8254-1384edfeb8cb_Exit E3,44d76532-d8aa-47e7-a761-48547dce9f60,48f67114-1d14-47c3-8254-1384edfeb8cb,Exit E3,22.28537594000005,114.21687529000008,24.89999999999418
48f67114-1d14-47c3-8254-1384edfeb8cb_Exit A1,b1e8b315-e4e0-4d87-92fd-a33372e68c6c,48f67114-1d14-47c3-8254-1384edfeb8cb,Exit A1,22.285077220000062,114.21519822000005,17.14999999999418
48f67114-1d14-47c3-8254-1384edfeb8cb_Exit D2,c51e0323-7973-4660-b998-99237236f697,48f67114-1d14-47c3-8254-1384edfeb8cb,Exit D2,22.285821200000044,114.21707119000007,1.8999999999941792
48f67114-1d14-47c3-8254-1384edfeb8cb_Exit A2,bef3bc0a-d664-4f86-86dc-dba14b9cb446,48f67114-1d14-47c3-8254-1384edfeb8cb,Exit A2,22.284806220000064,114.21549271000004,17.14999999999418
48f67114-1d14-47c3-8254-1384edfeb8cb_Exit D1,00c25392-b288-4e62-b8f2-86e3c654981b,48f67114-1d14-47c3-8254-1384edfeb8cb,Exit D1,22.285936020000065,114.21660314000007,1.8999999999941792
0197b9ac-84d4-4683-8167-88507df0e5c2_Exit B,2d1512ce-eb6d-498c-bfe1-bcf24f636c46,0197b9ac-84d4-4683-8167-88507df0e5c2,Exit B,22.370632490000048,114.12431541000001,7.059999999997672
0197b9ac-84d4-4683-8167-88507df0e5c2_Exit A,ca7ded69-c132-442f-a843-abe97c8fd4f2,0197b9ac-84d4-4683-8167-88507df0e5c2,Exit A,22.370986010000024,114.12596925000003,7.9100000000034925
5cab92ff-37ac-40ac-97f4-6507b318ff3c_Exit C,b66bb9b3-eb88-49ad-932c-74e2c1222516,5cab92ff-37ac-40ac-97f4-6507b318ff3c,Exit C,22.284090510000055,114.13501388000009,-9.860000000000582
5cab92ff-37ac-40ac-97f4-6507b318ff3c_Exit B,d53ae1a9-3a4d-4504-9fbb-91755a9c9c09,5cab92ff-37ac-40ac-97f4-6507b318ff3c,Exit B,22.284174670000027,114.13590924000005,-9.860000000000582
5cab92ff-37ac-40ac-97f4-6507b318ff3c_Exit A,bf17daa6-fa0c-4e37-b7b9-3a3b48458714,5cab92ff-37ac-40ac-97f4-6507b318ff3c,Exit A,22.284005420000028,114.13592025000003,-9.860000000000582
5cab92ff-37ac-40ac-97f4-6507b318ff3c_Exit B1,cbc4c207-7cae-4d6b-a70b-6ee7968d0339,5cab92ff-37ac-40ac-97f4-6507b318ff3c,Exit B1,22.28568124000003,114.13683343000002,7.850000000005821
5cab92ff-37ac-40ac-97f4-6507b318ff3c_Exit B2,7f968f04-3637-4a46-aa67-5fcea03887e2,5cab92ff-37ac-40ac-97f4-6507b318ff3c,Exit B2,22.285647450000056,114.13515294000001,8.0
5cab92ff-37ac-40ac-97f4-6507b318ff3c_Exit C1,714d0ad4-a97c-4084-82f6-fe1b654aba97,5cab92ff-37ac-40ac-97f4-6507b318ff3c,Exit C1,22.284437850000074,114.1347915,58.85000000000582
5cab92ff-37ac-40ac-97f4-6507b318ff3c_Exit C2,6501b3e0-5491-4022-9be7-15a0b3a2d626,5cab92ff-37ac-40ac-97f4-6507b318ff3c,Exit C2,22.285881260000053,114.13263036000001,4.80000000000291
5cab92ff-37ac-40ac-97f4-6507b318ff3c_Exit A1,03755617-cc0c-4b79-8ce8-bb20223f6949,5cab92ff-37ac-40ac-97f4-6507b318ff3c,Exit A1,22.283443500000033,114.1366499400001,54.94999999999709
5cab92ff-37ac-40ac-97f4-6507b318ff3c_Exit A2,9c56d961-b7b1-4b29-a1c8-a47703d5d934,5cab92ff-37ac-40ac-97f4-6507b318ff3c,Exit A2,22.283379530000047,114.13672011000006,91.0
836c4e6e-6c55-4a06-8d11-0f053c6e060c_Exit C2,1159da56-e888-4c68-a01f-4b71f9391a3f,836c4e6e-6c55-4a06-8d11-0f053c6e060c,Exit C2,22.336479310000072,114.15511375000006,5.0
836c4e6e-6c55-4a06-8d11-0f053c6e060c_Exit B,23881f9b-abc2-4329-9ab6-c1c1637f30e8,836c4e6e-6c55-4a06-8d11-0f053c6e060c,Exit B,22.335757840000042,114.1553826600001,5.0
836c4e6e-6c55-4a06-8d11-0f053c6e060c_Exit A3,0fe2edc7-d60a-41c4-a0ce-b991e6490210,836c4e6e-6c55-4a06-8d11-0f053c6e060c,Exit A3,22.334870770000066,114.15719314000012,5.0
836c4e6e-6c55-4a06-8d11-0f053c6e060c_Exit A1,186a679f-62b9-4e11-97c3-0b7feb7d9ef9,836c4e6e-6c55-4a06-8d11-0f053c6e060c,Exit A1,22.334299780000038,114.15721795000002,5.0
836c4e6e-6c55-4a06-8d11-0f053c6e060c_Exit C1,a4cf90fc-4fa5-4385-8057-5478a52edcf4,836c4e6e-6c55-4a06-8d11-0f053c6e060c,Exit C1,22.33560740000007,114.15649245000009,5.0
836c4e6e-6c55-4a06-8d11-0f053c6e060c_Exit C,e14c98ed-5013-435f-ae11-142207d5ebe8,836c4e6e-6c55-4a06-8d11-0f053c6e060c,Exit C,22.33587799000003,114.15580090000003,-4.30000000000291
836c4e6e-6c55-4a06-8d11-0f053c6e060c_Exit A,b710e193-5787-4325-a07e-575cb494533e,836c4e6e-6c55-4a06-8d11-0f053c6e060c,Exit A,22.33514211000005,114.15676422000001,-4.30000000000291
836c4e6e-6c55-4a06-8d11-0f053c6e060c_Exit A2,fe5af6d0-6063-4bcd-a9a5-e392c21b8fad,836c4e6e-6c55-4a06-8d11-0f053c6e060c,Exit A2,22.334867330000066,114.15775606000011,5.0
87e485be-80e6-417f-be17-2bb89ca4d444_Exit A,81352965-60a0-43b3-9dfd-6629ad188353,87e485be-80e6-417f-be17-2bb89ca4d444,Exit A,22.529084470000043,114.1133584700001,5.539999999993597
58408ed0-b485-4cb6-886e-03fb63222e1f_Exit B,b39cc8c7-2845-4c26-b59c-f7b72640a72f,58408ed0-b485-4cb6-886e-03fb63222e1f,Exit B,22.337852430000055,114.18771357000003,25.50999999999476
58408ed0-b485-4cb6-886e-03fb63222e1f_Exit A,0b80f94f-8fa1-4b95-89f7-732b5488c753,58408ed0-b485-4cb6-886e-03fb63222e1f,Exit A,22.338207230000023,114.18769093000003,25.50999999999476
b6c4a9ba-4017-43c9-ba2e-2adaf6b22afe_Exit C,80513100-6718-4e28-83d1-f3706a399a1d,b6c4a9ba-4017-43c9-ba2e-2adaf6b22afe,Exit C,22.31180727000003,114.17070762000003,4.600000000005821
b6c4a9ba-4017-43c9-ba2e-2adaf6b22afe_Exit D,68f32304-2e5e-4b9a-a2e1-d2d74bb9fa8d,b6c4a9ba-4017-43c9-ba2e-2adaf6b22afe,Exit D,22.312923640000065,114.17089848,4.600000000005821
b6c4a9ba-4017-43c9-ba2e-2adaf6b22afe_Exit B1,07520d3a-90d8-428e-ad5f-2ae618c4aeaf,b6c4a9ba-4017-43c9-ba2e-2adaf6b22afe,Exit B1,22.313062510000066,114.17044361,4.600000000005821
b6c4a9ba-4017-43c9-ba2e-2adaf6b22afe_Exit B2,6669e573-a834-4d9c-9cc9-d21ca5fda107,b6c4a9ba-4017-43c9-ba2e-2adaf6b22afe,Exit B2,22.313005060000023,114.1701069400001,4.600000000005821
b6c4a9ba-4017-43c9-ba2e-2adaf6b22afe_Exit A1,8d56ca75-039b-4955-90c1-5a9b40065900,b6c4a9ba-4017-43c9-ba2e-2adaf6b22afe,Exit A1,22.31380948000003,114.17018255000005,4.600000000005821
b6c4a9ba-4017-43c9-ba2e-2adaf6b22afe_Exit A2,289d3d27-e5fe-47ae-ba0d-76d558155804,b6c4a9ba-4017-43c9-ba2e-2adaf6b22afe,Exit A2,22.313917280000055,114.17076914000006,4.600000000005821
b6c4a9ba-4017-43c9-ba2e-2adaf6b22afe_Exit B,93330e79-487a-4989-8ece-699b3712d47a,b6c4a9ba-4017-43c9-ba2e-2adaf6b22afe,Exit B,22.313037230000077,114.1705727000001,-4.580000000001746
b6c4a9ba-4017-43c9-ba2e-2adaf6b22afe_Exit A,477e566e-1936-4f28-a07b-e583c5e004d7,b6c4a9ba-4017-43c9-ba2e-2adaf6b22afe,Exit A,22.313416260000054,114.17066155000009,-4.580000000001746
997998c4-4e4a-4d68-8e9b-c0f1f987d523_Exit C,762c2754-3718-43d3-b990-513603eec6f8,997998c4-4e4a-4d68-8e9b-c0f1f987d523,Exit C,22.374881410000057,114.18634671000007,7.5899999999965075
997998c4-4e4a-4d68-8e9b-c0f1f987d523_Exit D,89c2c768-e520-4b5b-8fe3-7cb1d417156f,997998c4-4e4a-4d68-8e9b-c0f1f987d523,Exit D,22.374618230000067,114.18633625000007,7.5899999999965075
997998c4-4e4a-4d68-8e9b-c0f1f987d523_Exit A,8f2ad0de-5de4-489b-8c5f-0264948b4aed,997998c4-4e4a-4d68-8e9b-c0f1f987d523,Exit A,22.37490691000005,114.18576678000011,7.5899999999965075
997998c4-4e4a-4d68-8e9b-c0f1f987d523_Exit B,6cc80d12-01e5-4ee6-99ec-9b0576993c8c,997998c4-4e4a-4d68-8e9b-c0f1f987d523,Exit B,22.374644190000026,114.18574534000004,7.5899999999965075
997998c4-4e4a-4d68-8e9b-c0f1f987d523_Exit E,186a99ee-449e-4eab-b3cb-4b756cc1229b,997998c4-4e4a-4d68-8e9b-c0f1f987d523,Exit E,22.374871220000045,114.18658032000008,18.69000000000233
997998c4-4e4a-4d68-8e9b-c0f1f987d523_Exit F,23179774-ffe4-4110-b64e-9b7b3ab7e05c,997998c4-4e4a-4d68-8e9b-c0f1f987d523,Exit F,22.374868630000037,114.1868295700001,18.69000000000233
650c8e58-3503-4fb5-9706-ba4a955f498a_Exit B2,4d0400c8-a9a6-4577-8b8c-a858202318b8,650c8e58-3503-4fb5-9706-ba4a955f498a,Exit B2,22.337557580000066,114.14835889000005,5.5
650c8e58-3503-4fb5-9706-ba4a955f498a_Exit B1,18bf0b41-34fe-43ab-9ff8-6947f163424e,650c8e58-3503-4fb5-9706-ba4a955f498a,Exit B1,22.33778987000005,114.14907893000009,5.5
650c8e58-3503-4fb5-9706-ba4a955f498a_Exit D1,c0994529-b431-4b90-870c-260c033e6891,650c8e58-3503-4fb5-9706-ba4a955f498a,Exit D1,22.336364890000027,114.14816265000002,5.5
650c8e58-3503-4fb5-9706-ba4a955f498a_Exit D2,aeed09bd-882b-445f-bc62-d51b994728a6,650c8e58-3503-4fb5-9706-ba4a955f498a,Exit D2,22.33619544000004,114.14822044000005,5.5
650c8e58-3503-4fb5-9706-ba4a955f498a_Exit D,b6d4bd89-f781-4581-bc2e-6a55d8ce989f,650c8e58-3503-4fb5-9706-ba4a955f498a,Exit D,22.337108960000023,114.14781641000002,-4.80000000000291
650c8e58-3503-4fb5-9706-ba4a955f498a_Exit C,27771754-0b95-4fb6-8a55-4c2cebca82b7,650c8e58-3503-4fb5-9706-ba4a955f498a,Exit C,22.33699967000007,114.1467853800001,5.5
650c8e58-3503-4fb5-9706-ba4a955f498a_Exit A,87e35e80-e12a-4c9b-bad7-81949ff830e2,650c8e58-3503-4fb5-9706-ba4a955f498a,Exit A,22.337319560000026,114.14884877000009,5.5
650c8e58-3503-4fb5-9706-ba4a955f498a_Exit B,a21c4aab-b856-4e48-8b1d-63bfdfac54c4,650c8e58-3503-4fb5-9706-ba4a955f498a,Exit B,22.337629540000023,114.14871376000008,-4.80000000000291
650c8e58-3503-4fb5-9706-ba4a955f498a_Exit D4,580e4e8c-7245-424c-95a3-44a12e9f380f,650c8e58-3503-4fb5-9706-ba4a955f498a,Exit D4,22.33547819000006,114.14931343,5.5
650c8e58-3503-4fb5-9706-ba4a955f498a_Exit D3,1cb75750-6ac2-405f-b169-5bf27c3008b4,650c8e58-3503-4fb5-9706-ba4a955f498a,Exit D3,22.335321630000067,114.14899080000009,-4.80000000000291
552c1b98-6fc4-4788-9ff8-e1d858f293a4_Exit B1,150854cc-570e-4327-a3b8-a1ac2c74d244,552c1b98-6fc4-4788-9ff8-e1d858f293a4,Exit B1,22.368700430000047,114.10903772000006,6.350000000005821
552c1b98-6fc4-4788-9ff8-e1d858f293a4_Exit D,3cd97abd-9998-4804-bd73-2c843017f904,552c1b98-6fc4-4788-9ff8-e1d858f293a4,Exit D,22.367196550000074,114.11092835000011,6.350000000005821
552c1b98-6fc4-4788-9ff8-e1d858f293a4_Exit C5,4c590bce-3b99-43c6-b437-2fd851721d0d,552c1b98-6fc4-4788-9ff8-e1d858f293a4,Exit C5,22.367355390000057,114.11054270000011,6.350000000005821
552c1b98-6fc4-4788-9ff8-e1d858f293a4_Exit C2,d3ccf258-db34-46d7-9e6d-a6207fc2c208,552c1b98-6fc4-4788-9ff8-e1d858f293a4,Exit C2,22.367815300000075,114.11010875000011,6.350000000005821
552c1b98-6fc4-4788-9ff8-e1d858f293a4_Exit A1,20c02d86-3f9a-495a-b3e7-d5edf647beb4,552c1b98-6fc4-4788-9ff8-e1d858f293a4,Exit A1,22.36863001000006,114.10981482000011,6.350000000005821
552c1b98-6fc4-4788-9ff8-e1d858f293a4_Exit A2,64333911-66d5-4c73-aba8-a16365a37cb2,552c1b98-6fc4-4788-9ff8-e1d858f293a4,Exit A2,22.368761740000025,114.10992753000005,6.350000000005821
552c1b98-6fc4-4788-9ff8-e1d858f293a4_Exit E2,7854b47c-26e5-433c-af29-5319b75f73a8,552c1b98-6fc4-4788-9ff8-e1d858f293a4,Exit E2,22.367951380000022,114.11081816000001,6.350000000005821
552c1b98-6fc4-4788-9ff8-e1d858f293a4_Exit E1,fc11386d-9582-495f-a55f-ea2839dd5af6,552c1b98-6fc4-4788-9ff8-e1d858f293a4,Exit E1,22.367859690000046,114.1106629200001,6.350000000005821
552c1b98-6fc4-4788-9ff8-e1d858f293a4_Exit C3,c6903047-94b7-4fd9-af0c-7f65bcfb6f27,552c1b98-6fc4-4788-9ff8-e1d858f293a4,Exit C3,22.367738090000046,114.11049145000004,11.30000000000291
552c1b98-6fc4-4788-9ff8-e1d858f293a4_Exit C4,31328acb-d593-48c6-9f2e-0bf081eb13ee,552c1b98-6fc4-4788-9ff8-e1d858f293a4,Exit C4,22.36757035000005,114.11035848000006,11.30000000000291
552c1b98-6fc4-4788-9ff8-e1d858f293a4_Exit C1,20dde870-a2f8-4fff-a309-8c9ae2507cf2,552c1b98-6fc4-4788-9ff8-e1d858f293a4,Exit C1,22.367643030000067,114.11028806000002,6.350000000005821
552c1b98-6fc4-4788-9ff8-e1d858f293a4_Exit B2,c3dd58d2-dea6-4c16-96fe-ed129fc822bf,552c1b98-6fc4-4788-9ff8-e1d858f293a4,Exit B2,22.368480780000027,114.10927386000003,-1.4199999999982538
552c1b98-6fc4-4788-9ff8-e1d858f293a4_EXIT C5,20054794-df66-4ba6-b7d8-9bfbc4bdba1c,552c1b98-6fc4-4788-9ff8-e1d858f293a4,EXIT C5,22.36746762000007,114.11041797000007,11.30000000000291
754cddfd-8620-4b6e-9e1e-efd787d010bf_Exit A,0aea664f-b81d-4dfb-a647-f3a625c85ccd,754cddfd-8620-4b6e-9e1e-efd787d010bf,Exit A,22.315226000000052,114.04552831000001,8.69999999999709
e0bef49c-95a1-4258-bbb2-e736df36e413_Exit A,a50e7fbf-77e1-4f8b-ac8a-3f93ccda7320,e0bef49c-95a1-4258-bbb2-e736df36e413,Exit A,22.322076310000057,113.94381338000005,14.029999999998836
e0bef49c-95a1-4258-bbb2-e736df36e413_Exit B,9eb6b6a3-f1e5-49a1-be7d-c3d095813fa5,e0bef49c-95a1-4258-bbb2-e736df36e413,Exit B,22.321604910000076,113.94078243000001,14.029999999998836
74cb1742-b058-4bfc-a929-f962a4925fec_Exit B,4360419a-b692-418d-be80-77b7442f1fef,74cb1742-b058-4bfc-a929-f962a4925fec,Exit B,22.500872940000022,114.12840585000004,16.130000000004657
74cb1742-b058-4bfc-a929-f962a4925fec_Exit A4,90ebb322-abd3-4422-8d1b-ef25107e5d71,74cb1742-b058-4bfc-a929-f962a4925fec,Exit A4,22.501586210000028,114.1278344100001,16.130000000004657
74cb1742-b058-4bfc-a929-f962a4925fec_Exit A,ce998f29-4db3-4f40-a903-5c1b229b4041,74cb1742-b058-4bfc-a929-f962a4925fec,Exit A,22.501395810000076,114.12782014000004,16.130000000004657
74cb1742-b058-4bfc-a929-f962a4925fec_Exit A2,fb1b44b3-8d79-45dc-8c3e-712ac430a7d8,74cb1742-b058-4bfc-a929-f962a4925fec,Exit A2,22.50157401000007,114.12737412000001,9.5
74cb1742-b058-4bfc-a929-f962a4925fec_Exit D2,80d3025b-3a35-417a-9424-c4398496d6b3,74cb1742-b058-4bfc-a929-f962a4925fec,Exit D2,22.50143754000004,114.12799762000009,9.5
74cb1742-b058-4bfc-a929-f962a4925fec_Exit A3,a54e4b88-a275-4af6-8560-a71c09113c54,74cb1742-b058-4bfc-a929-f962a4925fec,Exit A3,22.50174646000005,114.1276049600001,9.5
74cb1742-b058-4bfc-a929-f962a4925fec_Exit D3,45364227-de5a-437d-bc2b-d327e01f5ccc,74cb1742-b058-4bfc-a929-f962a4925fec,Exit D3,22.50164706000004,114.12776981000002,9.5
74cb1742-b058-4bfc-a929-f962a4925fec_Exit D1,c5bfa251-2ed5-4e3b-8f72-e06a4e95839f,74cb1742-b058-4bfc-a929-f962a4925fec,Exit D1,22.50171007000006,114.12769581000009,9.5
74cb1742-b058-4bfc-a929-f962a4925fec_Exit A1,c9f5ca08-7a92-401f-b30c-c84a6cb29b99,74cb1742-b058-4bfc-a929-f962a4925fec,Exit A1,22.501348820000032,114.12757324000006,16.130000000004657
74cb1742-b058-4bfc-a929-f962a4925fec_Exit B1,d68df040-406a-4dfd-bf05-a2a5327557a4,74cb1742-b058-4bfc-a929-f962a4925fec,Exit B1,22.500834570000052,114.12836670000002,16.130000000004657
74cb1742-b058-4bfc-a929-f962a4925fec_Exit B2,77ed870d-7a9f-4925-8cb7-80161bb7efba,74cb1742-b058-4bfc-a929-f962a4925fec,Exit B2,22.50091726000005,114.1284503500001,16.130000000004657
74cb1742-b058-4bfc-a929-f962a4925fec_Exit E,142200ce-96c9-4116-aab0-fa534668d2b1,74cb1742-b058-4bfc-a929-f962a4925fec,Exit E,22.501022550000073,114.12845821000008,16.130000000004657
74cb1742-b058-4bfc-a929-f962a4925fec_Exit C,159b4ad3-9663-4a90-9642-e5918444a9a2,74cb1742-b058-4bfc-a929-f962a4925fec,Exit C,22.50142432000007,114.12751199000002,9.5
60a9aeee-30ac-4efc-95de-dfb220c8808a_Exit A,d31dd270-5c95-44e6-8bf6-1df839a0e16c,60a9aeee-30ac-4efc-95de-dfb220c8808a,Exit A,22.24348148000007,114.14893063000011,15.460000000006403
60a9aeee-30ac-4efc-95de-dfb220c8808a_Exit B,956b7b7e-3c6d-4829-81ef-8d81082eb3cd,60a9aeee-30ac-4efc-95de-dfb220c8808a,Exit B,22.24294399000007,114.14819458000011,12.720000000001164
60a9aeee-30ac-4efc-95de-dfb220c8808a_Exit C,955aa914-dd13-4333-96aa-3a496f179e23,60a9aeee-30ac-4efc-95de-dfb220c8808a,Exit C,22.24273811000006,114.1490494200001,14.10000000000582
7280940d-7246-4f8a-b3b5-30f6c285bc9a_Exit B,3334161a-a34e-411c-a10d-9335288a2f94,7280940d-7246-4f8a-b3b5-30f6c285bc9a,Exit B,22.295409920000054,114.26840737000009,10.94999999999709
7280940d-7246-4f8a-b3b5-30f6c285bc9a_Exit C,92afe296-fbb7-42aa-90d8-00a7a3ac8890,7280940d-7246-4f8a-b3b5-30f6c285bc9a,Exit C,22.296168780000073,114.2694428100001,10.94999999999709
7280940d-7246-4f8a-b3b5-30f6c285bc9a_Exit C2,dfb63bd9-9b32-4ecf-99b7-c4e6d1f0f1f2,7280940d-7246-4f8a-b3b5-30f6c285bc9a,Exit C2,22.29619555000005,114.26956960000007,16.69999999999709
7280940d-7246-4f8a-b3b5-30f6c285bc9a_Exit C1,6ab1e114-26c6-4806-812e-de7a7d32353a,7280940d-7246-4f8a-b3b5-30f6c285bc9a,Exit C1,22.296265220000066,114.26966197000002,16.69999999999709
b7f1d22f-aea5-44d4-9f01-5c3fef91d7ea_Exit A,b34e3ea2-9e44-4a1c-b88f-ea543561f89f,b7f1d22f-aea5-44d4-9f01-5c3fef91d7ea,Exit A,22.31552731000005,114.21937764000006,6.600000000005821
b7f1d22f-aea5-44d4-9f01-5c3fef91d7ea_Exit B,e6f54fc0-e878-490c-822f-42674822e9fe,b7f1d22f-aea5-44d4-9f01-5c3fef91d7ea,Exit B,22.315653390000023,114.21903845000008,6.600000000005821
b7f1d22f-aea5-44d4-9f01-5c3fef91d7ea_Exit B6,bc69541a-8f19-482d-bb3a-a2ae950bbef1,b7f1d22f-aea5-44d4-9f01-5c3fef91d7ea,Exit B6,22.31498959000004,114.21849686000007,6.600000000005821
b7f1d22f-aea5-44d4-9f01-5c3fef91d7ea_Exit B5,00bcff0a-f068-4d63-8035-bb5475300edb,b7f1d22f-aea5-44d4-9f01-5c3fef91d7ea,Exit B5,22.315069530000073,114.21871842000007,6.600000000005821
b7f1d22f-aea5-44d4-9f01-5c3fef91d7ea_Exit B1,2194d09f-078b-4701-b35a-99f2fdb69b3b,b7f1d22f-aea5-44d4-9f01-5c3fef91d7ea,Exit B1,22.315766840000038,114.21945023,6.600000000005821
b7f1d22f-aea5-44d4-9f01-5c3fef91d7ea_Exit B4,64f4bf54-7637-42ec-905a-3e4d27950b00,b7f1d22f-aea5-44d4-9f01-5c3fef91d7ea,Exit B4,22.315890410000065,114.21860630000003,6.600000000005821
b7f1d22f-aea5-44d4-9f01-5c3fef91d7ea_Exit B2,b8b04ed6-f51a-4920-b72e-d49b97de9d2e,b7f1d22f-aea5-44d4-9f01-5c3fef91d7ea,Exit B2,22.31592592000004,114.21921330000009,6.600000000005821
b7f1d22f-aea5-44d4-9f01-5c3fef91d7ea_Exit B3,024793fc-e3d5-45a2-9f53-378a2edfb8b6,b7f1d22f-aea5-44d4-9f01-5c3fef91d7ea,Exit B3,22.31600940000004,114.21872967000002,6.600000000005821
6d02d36d-e711-456d-b797-f999d52912da_Exit E,8c7d3d80-aace-47e2-91e2-de98e5bdbbf0,6d02d36d-e711-456d-b797-f999d52912da,Exit E,22.317049980000036,114.16037001000007,13.89999999999418
6d02d36d-e711-456d-b797-f999d52912da_Exit A,73b09f70-cde5-420f-9eac-2f1eb5b4e6de,6d02d36d-e711-456d-b797-f999d52912da,Exit A,22.31838730000004,114.15985608000005,13.89999999999418
6d02d36d-e711-456d-b797-f999d52912da_Exit B,12eb8ac6-7acb-4ca3-819c-fa1d862fc8b0,6d02d36d-e711-456d-b797-f999d52912da,Exit B,22.31884266000003,114.16044803000011,5.0
6d02d36d-e711-456d-b797-f999d52912da_Exit D,4fa4eb12-d5b3-4edf-953d-ebb890f7ab04,6d02d36d-e711-456d-b797-f999d52912da,Exit D,22.317132010000023,114.16069790000006,13.89999999999418
6d02d36d-e711-456d-b797-f999d52912da_Exit C,7a606cf8-be7d-4ad9-be65-e958e11f9e7d,6d02d36d-e711-456d-b797-f999d52912da,Exit C,22.317189880000058,114.16067368000006,13.89999999999418
6d02d36d-e711-456d-b797-f999d52912da_Exit C1,52a922bd-a0a8-4eab-b203-4924e36e933c,6d02d36d-e711-456d-b797-f999d52912da,Exit C1,22.31832441000006,114.16072555000005,6.30000000000291
6d02d36d-e711-456d-b797-f999d52912da_Exit C3,bf9ca746-379f-471b-b33e-4b8dba244199,6d02d36d-e711-456d-b797-f999d52912da,Exit C3,22.31836543000003,114.16067465000003,13.89999999999418
6d02d36d-e711-456d-b797-f999d52912da_Exit C4,4311abeb-fdf6-4898-97bb-9f6ba8901b42,6d02d36d-e711-456d-b797-f999d52912da,Exit C4,22.318104090000077,114.16100946000006,13.89999999999418
6d02d36d-e711-456d-b797-f999d52912da_Exit C5,f925d1ae-49fc-4c5b-b68f-95b44103660d,6d02d36d-e711-456d-b797-f999d52912da,Exit C5,22.318171590000077,114.16128598000012,13.89999999999418
6d02d36d-e711-456d-b797-f999d52912da_Exit C2,4704fc19-3fe1-425c-be4b-2ab72459d398,6d02d36d-e711-456d-b797-f999d52912da,Exit C2,22.318040540000027,114.16100610000001,6.30000000000291
6d02d36d-e711-456d-b797-f999d52912da_Exit D1,319bdc18-4e77-4112-890b-de95fe90a030,6d02d36d-e711-456d-b797-f999d52912da,Exit D1,22.31710891000006,114.16130451000004,6.30000000000291
6d02d36d-e711-456d-b797-f999d52912da_Exit D2,b1d2c79a-a511-4adc-b2c4-f491fab2b7f4,6d02d36d-e711-456d-b797-f999d52912da,Exit D2,22.316694620000078,114.16113542000005,6.30000000000291
6d02d36d-e711-456d-b797-f999d52912da_Exit A2,4635a0c6-24ae-4037-a1fb-afa18d126494,6d02d36d-e711-456d-b797-f999d52912da,Exit A2,22.318112960000065,114.15908542000011,13.89999999999418
6d02d36d-e711-456d-b797-f999d52912da_Exit A1,5fd54c55-3290-49ed-8061-88a25a292b50,6d02d36d-e711-456d-b797-f999d52912da,Exit A1,22.31820109000006,114.15914264000003,7.0
6d02d36d-e711-456d-b797-f999d52912da_Exit D3,95640720-7f0f-4531-b9c7-436ae7f7aab3,6d02d36d-e711-456d-b797-f999d52912da,Exit D3,22.316936240000075,114.16106638000008,13.89999999999418
9dae5db2-0149-4f34-9828-fe562af634cd_Exit D,c677ce38-2fa6-40ec-9c58-591b63d741cc,9dae5db2-0149-4f34-9828-fe562af634cd,Exit D,22.395977840000057,114.19810441000004,5.80000000000291
9dae5db2-0149-4f34-9828-fe562af634cd_Exit C,5b27b086-83d7-4794-9279-0e6e5addb333,9dae5db2-0149-4f34-9828-fe562af634cd,Exit C,22.395717560000037,114.19864929000005,16.5
9dae5db2-0149-4f34-9828-fe562af634cd_Exit A,bf67f510-bec1-4dcf-bf2d-778cca479892,9dae5db2-0149-4f34-9828-fe562af634cd,Exit A,22.394717840000055,114.19801143000007,16.5
9dae5db2-0149-4f34-9828-fe562af634cd_Exit B,13d7a88e-1acf-4b1d-9190-63eaa464e5e1,9dae5db2-0149-4f34-9828-fe562af634cd,Exit B,22.39492621000005,114.19763750000004,5.80000000000291
effdfac4-ae83-47ec-990f-89eb6c6aa253_Exit A,6d3a756e-804d-485e-8605-23fdc7a11a72,effdfac4-ae83-47ec-990f-89eb6c6aa253,Exit A,22.330853540000078,114.20056080000006,6.600000000005821
effdfac4-ae83-47ec-990f-89eb6c6aa253_Exit B1,5cc43907-8614-4758-843d-2e00c5d31a69,effdfac4-ae83-47ec-990f-89eb6c6aa253,Exit B1,22.331519270000058,114.19981472000006,6.600000000005821
effdfac4-ae83-47ec-990f-89eb6c6aa253_Exit D,0acf418e-c2aa-4457-b508-e7cebd21008c,effdfac4-ae83-47ec-990f-89eb6c6aa253,Exit D,22.329788140000062,114.19880101000001,6.600000000005821
effdfac4-ae83-47ec-990f-89eb6c6aa253_Exit C,8589e67e-1de2-4035-a99b-957e8ad8450c,effdfac4-ae83-47ec-990f-89eb6c6aa253,Exit C,22.330598570000063,114.19929877000004,-2.3999999999941792
effdfac4-ae83-47ec-990f-89eb6c6aa253_Exit B2,eb56cfc5-6362-4972-8381-74be81861f91,effdfac4-ae83-47ec-990f-89eb6c6aa253,Exit B2,22.33126131000006,114.19951619000005,-2.3999999999941792
f0b802fd-28b0-40e3-abff-62090becf0d4_Exit B4,fa394acd-3006-4685-9803-c06499a49db1,f0b802fd-28b0-40e3-abff-62090becf0d4,Exit B4,22.320375610000042,114.16950907000012,0.521999999997206
f0b802fd-28b0-40e3-abff-62090becf0d4_Exit D,627edc75-a0e2-4e42-86aa-7917e338fb04,f0b802fd-28b0-40e3-abff-62090becf0d4,Exit D,22.319258710000042,114.1694927100001,-4.44999999999709
f0b802fd-28b0-40e3-abff-62090becf0d4_Exit E,8ee14fad-81f1-4143-a228-d58ef497b1d1,f0b802fd-28b0-40e3-abff-62090becf0d4,Exit E,22.31874251000005,114.1694854100001,-4.44999999999709
f0b802fd-28b0-40e3-abff-62090becf0d4_Exit C3,8f2da310-b643-43a1-89db-58a72db036ec,f0b802fd-28b0-40e3-abff-62090becf0d4,Exit C3,22.31906244000004,114.16870433000008,-4.44999999999709
f0b802fd-28b0-40e3-abff-62090becf0d4_Exit E2,8a2efff0-65a1-4570-b056-b7ac6a621845,f0b802fd-28b0-40e3-abff-62090becf0d4,Exit E2,22.318416090000028,114.16981607000002,5.19999999999709
f0b802fd-28b0-40e3-abff-62090becf0d4_Exit C4,857a85bc-dbeb-4b68-8b5d-1366226662e1,f0b802fd-28b0-40e3-abff-62090becf0d4,Exit C4,22.319129280000027,114.1688023700001,5.19999999999709
f0b802fd-28b0-40e3-abff-62090becf0d4_Exit C2,db83af37-3f88-4c7f-b0ae-00592c78802e,f0b802fd-28b0-40e3-abff-62090becf0d4,Exit C2,22.319292980000057,114.1688403600001,5.19999999999709
f0b802fd-28b0-40e3-abff-62090becf0d4_Exit C1,a7b7c24e-7809-4938-9cce-40346e87ecd9,f0b802fd-28b0-40e3-abff-62090becf0d4,Exit C1,22.31935376000007,114.16915768000001,5.19999999999709
f0b802fd-28b0-40e3-abff-62090becf0d4_Exit D3,911a4832-d758-4989-b28e-6b6ba2708f54,f0b802fd-28b0-40e3-abff-62090becf0d4,Exit D3,22.319182830000045,114.1700719800001,5.19999999999709
f0b802fd-28b0-40e3-abff-62090becf0d4_Exit D1,cf3940d1-4082-4414-a0cc-ce3acf006eb3,f0b802fd-28b0-40e3-abff-62090becf0d4,Exit D1,22.319426690000057,114.16956966000009,5.19999999999709
f0b802fd-28b0-40e3-abff-62090becf0d4_Exit D2,5ec6d35a-ff1b-4be0-adf9-91672b45b1a1,f0b802fd-28b0-40e3-abff-62090becf0d4,Exit D2,22.319471830000055,114.16982359000008,5.19999999999709
f0b802fd-28b0-40e3-abff-62090becf0d4_Exit A2,cc240b5a-0432-4dc2-b8e6-a38039db072a,f0b802fd-28b0-40e3-abff-62090becf0d4,Exit A2,22.320188560000076,114.16864449000002,5.19999999999709
f0b802fd-28b0-40e3-abff-62090becf0d4_Exit A1,e0128cbe-1f4c-4218-a497-0b3e4590b7ea,f0b802fd-28b0-40e3-abff-62090becf0d4,Exit A1,22.32023989000004,114.16898156000002,5.19999999999709
f0b802fd-28b0-40e3-abff-62090becf0d4_Exit B1,0a64c3c2-6218-460d-8dd8-c73faa1142b4,f0b802fd-28b0-40e3-abff-62090becf0d4,Exit B1,22.320332130000054,114.16935379000006,5.19999999999709
f0b802fd-28b0-40e3-abff-62090becf0d4_Exit B2,22b9dd29-411f-4004-a336-3539fa7d559b,f0b802fd-28b0-40e3-abff-62090becf0d4,Exit B2,22.32039118000006,114.16967409000006,5.19999999999709
f0b802fd-28b0-40e3-abff-62090becf0d4_Exit B3,b6650cf4-c2ba-4434-ae1f-fb2b2e256f6c,f0b802fd-28b0-40e3-abff-62090becf0d4,Exit B3,22.320572560000073,114.16969595,5.19999999999709
f0b802fd-28b0-40e3-abff-62090becf0d4_Exit E1,35d9a9c3-e235-448e-93bf-43fea0c11933,f0b802fd-28b0-40e3-abff-62090becf0d4,Exit E1,22.318319990000077,114.16930001000003,5.19999999999709
f0b802fd-28b0-40e3-abff-62090becf0d4_Exit B,750801c5-a952-457c-a916-a5afdd971cf6,f0b802fd-28b0-40e3-abff-62090becf0d4,Exit B,22.320261450000032,114.1692692900001,-4.44999999999709
f0b802fd-28b0-40e3-abff-62090becf0d4_Exit A,4d66a208-bb77-4114-9036-03449a01a5c4,f0b802fd-28b0-40e3-abff-62090becf0d4,Exit A,22.320242310000026,114.16907701000002,-4.44999999999709
f0b802fd-28b0-40e3-abff-62090becf0d4_Exit C,2cda55b7-a683-469a-988f-21311e7cbf15,f0b802fd-28b0-40e3-abff-62090becf0d4,Exit C,22.31922179000003,114.16929597000001,-4.44999999999709
bb1466c3-88d5-4a48-981d-fc0d50b36ee4_Exit B2,bf0e6289-7756-4d64-b5aa-b716e9367cfe,bb1466c3-88d5-4a48-981d-fc0d50b36ee4,Exit B2,22.281586450000077,114.17489403000002,4.80000000000291
bb1466c3-88d5-4a48-981d-fc0d50b36ee4_Exit B1,34f3b72b-4238-4961-a989-484b7bdb0635,bb1466c3-88d5-4a48-981d-fc0d50b36ee4,Exit B1,22.281426860000067,114.17488433000005,4.80000000000291
bb1466c3-88d5-4a48-981d-fc0d50b36ee4_Exit A2,d5a50b9a-fe45-4dce-a26f-00630efb512b,bb1466c3-88d5-4a48-981d-fc0d50b36ee4,Exit A2,22.281578480000064,114.17624472000011,4.399999999994179
bb1466c3-88d5-4a48-981d-fc0d50b36ee4_Exit A1,16963499-ca16-4cd7-ac15-ee6aaf10ed60,bb1466c3-88d5-4a48-981d-fc0d50b36ee4,Exit A1,22.28134601000005,114.17624219000004,4.399999999994179
bb1466c3-88d5-4a48-981d-fc0d50b36ee4_Exit B3,87320b72-5fae-46f9-86d8-068687018ea8,bb1466c3-88d5-4a48-981d-fc0d50b36ee4,Exit B3,22.281240790000027,114.17458226000008,11.244999999995343
bb1466c3-88d5-4a48-981d-fc0d50b36ee4_Exit A3,137dce34-e818-4d5e-a800-af4ea7a2dcd4,bb1466c3-88d5-4a48-981d-fc0d50b36ee4,Exit A3,22.281342110000026,114.17585938000002,11.244999999995343
271f334b-c6f4-4249-b6cd-460dc9f605a9_Exit B,26fb1877-e372-4a3f-8ffe-1da6033eb415,271f334b-c6f4-4249-b6cd-460dc9f605a9,Exit B,22.43551762000004,114.06302086000005,7.509999999994761
271f334b-c6f4-4249-b6cd-460dc9f605a9_Exit A,0a36f816-9db0-4bd9-8def-aae2ff80bf45,271f334b-c6f4-4249-b6cd-460dc9f605a9,Exit A,22.435379140000066,114.06280633000006,7.509999999994761
271f334b-c6f4-4249-b6cd-460dc9f605a9_Exit C,0c63b97d-d2ab-4836-b2b6-e232835fcbdf,271f334b-c6f4-4249-b6cd-460dc9f605a9,Exit C,22.434258530000022,114.06390705000001,7.509999999994761
271f334b-c6f4-4249-b6cd-460dc9f605a9_Exit D,eeb78137-a39e-481c-8221-9dd75654c37b,271f334b-c6f4-4249-b6cd-460dc9f605a9,Exit D,22.434172970000077,114.06365816000005,7.509999999994761
a91d6417-1616-4c0c-b85c-abc08479dfe7_Exit D,6c33a7bf-5111-4343-a730-b871db1eed50,a91d6417-1616-4c0c-b85c-abc08479dfe7,Exit D,22.387934390000055,114.20870717000003,6.19999999999709
a91d6417-1616-4c0c-b85c-abc08479dfe7_Exit B,8f5e1b6c-c08b-4807-b4c2-d13091b8fe54,a91d6417-1616-4c0c-b85c-abc08479dfe7,Exit B,22.387368670000058,114.20812379000006,6.19999999999709
a91d6417-1616-4c0c-b85c-abc08479dfe7_Exit A,37fed35d-97a8-47e5-bf87-de546c624158,a91d6417-1616-4c0c-b85c-abc08479dfe7,Exit A,22.387461890000054,114.20805253000003,6.19999999999709
a91d6417-1616-4c0c-b85c-abc08479dfe7_Exit C,02ad5912-7a5e-41f2-ab2a-7a2b5810ae62,a91d6417-1616-4c0c-b85c-abc08479dfe7,Exit C,22.388073090000034,114.20858398000007,6.19999999999709
d02d9f12-06a1-4268-89cc-36a64970215e_Exit A,cad22d48-1329-42bd-b975-e45589715a89,d02d9f12-06a1-4268-89cc-36a64970215e,Exit A,22.288046800000075,114.19367576000002,5.69999999999709
d02d9f12-06a1-4268-89cc-36a64970215e_Exit B,8174273d-edf8-49a1-a96b-14dff55defc2,d02d9f12-06a1-4268-89cc-36a64970215e,Exit B,22.288450690000047,114.19395469000006,5.44999999999709
c87c86f8-0c3d-443c-951d-8e662ada5924_Exit A1,919930cd-884b-4095-9609-be54b7c291d8,c87c86f8-0c3d-443c-951d-8e662ada5924,Exit A1,22.334066420000056,114.20958759000007,7.30000000000291
c87c86f8-0c3d-443c-951d-8e662ada5924_Exit A2,7b1a1c53-394c-42e0-9d52-3b26bc5cfa40,c87c86f8-0c3d-443c-951d-8e662ada5924,Exit A2,22.33401906000006,114.20934198000009,7.30000000000291
c87c86f8-0c3d-443c-951d-8e662ada5924_Exit A3,fdb5a84d-1868-49c0-b065-74b1af4ddd84,c87c86f8-0c3d-443c-951d-8e662ada5924,Exit A3,22.334174500000074,114.20960146000004,0.6000000000058208
c87c86f8-0c3d-443c-951d-8e662ada5924_Exit A,52e55c19-022e-4a84-aef4-600977dfd2c6,c87c86f8-0c3d-443c-951d-8e662ada5924,Exit A,22.334417030000054,114.20957010000006,0.6000000000058208
c87c86f8-0c3d-443c-951d-8e662ada5924_Exit B,42d6ca6b-f69c-4249-9f59-eefa16cb27fc,c87c86f8-0c3d-443c-951d-8e662ada5924,Exit B,22.334362700000042,114.20932655000001,7.899999999994179
c87c86f8-0c3d-443c-951d-8e662ada5924_Exit C,79aaf623-57a5-4263-889f-76d04470d436,c87c86f8-0c3d-443c-951d-8e662ada5924,Exit C,22.33535094000007,114.20827986000006,0.6000000000058208
c9912e53-b334-40dc-beba-b5ac7530f2ba_Exit A,1ffa918c-071e-41d6-952a-d4d25014d293,c9912e53-b334-40dc-beba-b5ac7530f2ba,Exit A,22.287789020000048,114.20990651000011,5.5
c9912e53-b334-40dc-beba-b5ac7530f2ba_Exit C,bd4ff4a9-f114-40c3-a5d2-5069641223ae,c9912e53-b334-40dc-beba-b5ac7530f2ba,Exit C,22.290575510000053,114.20792833000007,5.960000000006403
c9912e53-b334-40dc-beba-b5ac7530f2ba_Exit B,282f974d-5e3b-4bb7-8434-8821f95e5180,c9912e53-b334-40dc-beba-b5ac7530f2ba,Exit B,22.28846173000005,114.21038270000008,13.990000000005239
bbcde31e-3b2d-46e5-9eca-dbc2ce387162_Exit A,6abb3efc-9a8c-4ff6-9fe4-f01f3677c9e5,bbcde31e-3b2d-46e5-9eca-dbc2ce387162,Exit A,22.317798940000046,114.18790851000006,12.10000000000582
bbcde31e-3b2d-46e5-9eca-dbc2ce387162_Exit D,476991f3-567b-44bf-8a85-a4024ead54bb,bbcde31e-3b2d-46e5-9eca-dbc2ce387162,Exit D,22.315626990000055,114.1879495500001,-0.7799999999988358
bbcde31e-3b2d-46e5-9eca-dbc2ce387162_Exit C,4318b2e1-14b6-4ec5-b670-16d7dff667d4,bbcde31e-3b2d-46e5-9eca-dbc2ce387162,Exit C,22.31627904000004,114.18712337000011,12.10000000000582
bbcde31e-3b2d-46e5-9eca-dbc2ce387162_Exit B,6060c396-7069-421b-92d9-ecec39c7323f,bbcde31e-3b2d-46e5-9eca-dbc2ce387162,Exit B,22.31792962000003,114.18708874000004,12.10000000000582
bbcde31e-3b2d-46e5-9eca-dbc2ce387162_Exit D1,a54b0d9f-2fc9-4fcc-b9a0-37a2499a5c2b,bbcde31e-3b2d-46e5-9eca-dbc2ce387162,Exit D1,22.315322320000064,114.1878488100001,12.10000000000582
bbcde31e-3b2d-46e5-9eca-dbc2ce387162_Exit D2,7761ba0b-39a7-4426-be2d-930672334860,bbcde31e-3b2d-46e5-9eca-dbc2ce387162,Exit D2,22.315322320000064,114.18796614000007,12.10000000000582
e41c97ec-85f5-4338-9ee0-87ca1d102d16_Exit C,3905860a-337b-43fd-880b-b14d425fca32,e41c97ec-85f5-4338-9ee0-87ca1d102d16,Exit C,22.332773880000047,114.1687965100001,14.19999999999709
e41c97ec-85f5-4338-9ee0-87ca1d102d16_Exit B1,7779d5ea-c88b-4186-b425-004239ac0440,e41c97ec-85f5-4338-9ee0-87ca1d102d16,Exit B1,22.331477660000076,114.1691669700001,14.19999999999709
e41c97ec-85f5-4338-9ee0-87ca1d102d16_Exit B2,3e7804a4-0f81-4006-be5b-9709cdeea484,e41c97ec-85f5-4338-9ee0-87ca1d102d16,Exit B2,22.331653410000058,114.16898748000006,14.19999999999709
e41c97ec-85f5-4338-9ee0-87ca1d102d16_Exit A,e6a1c31d-f064-45d1-bc81-bb4f63765c4a,e41c97ec-85f5-4338-9ee0-87ca1d102d16,Exit A,22.331670280000026,114.16853134000007,14.19999999999709
e41c97ec-85f5-4338-9ee0-87ca1d102d16_Exit B,08bf70c2-aa9c-458d-96eb-492d9eb4f146,e41c97ec-85f5-4338-9ee0-87ca1d102d16,Exit B,22.331491510000035,114.16893357000004,7.80000000000291
ef0fd18f-e9dd-480c-abc1-0eeaca4e9334_Exit F,643d2894-39f4-4c57-9814-444ed7a87c8b,ef0fd18f-e9dd-480c-abc1-0eeaca4e9334,Exit F,22.30313108000007,114.16754163000007,5.600000000005821
ef0fd18f-e9dd-480c-abc1-0eeaca4e9334_Exit D2,dc6c2cd1-1802-4815-a36c-81b67503ce80,ef0fd18f-e9dd-480c-abc1-0eeaca4e9334,Exit D2,22.30339902000003,114.16673881000008,5.600000000005821
ef0fd18f-e9dd-480c-abc1-0eeaca4e9334_Exit D1,44a9f5f6-da60-4ab8-8224-5226419c61df,ef0fd18f-e9dd-480c-abc1-0eeaca4e9334,Exit D1,22.303725670000063,114.16671328000007,5.600000000005821
ef0fd18f-e9dd-480c-abc1-0eeaca4e9334_Exit D3,a0084130-05b7-4e80-a230-d8ae2f001d5f,ef0fd18f-e9dd-480c-abc1-0eeaca4e9334,Exit D3,22.303653740000073,114.16709506000007,5.600000000005821
ef0fd18f-e9dd-480c-abc1-0eeaca4e9334_Exit B2,bb8ab5ee-cdf2-4ce2-9f12-dc4b50bd6ea8,ef0fd18f-e9dd-480c-abc1-0eeaca4e9334,Exit B2,22.30508756000006,114.16605219000007,5.600000000005821
ef0fd18f-e9dd-480c-abc1-0eeaca4e9334_Exit B3,ff532d04-73fb-487e-8aae-699f26b4c631,ef0fd18f-e9dd-480c-abc1-0eeaca4e9334,Exit B3,22.305203860000063,114.16634838000004,5.600000000005821
ef0fd18f-e9dd-480c-abc1-0eeaca4e9334_Exit B4,070b6906-443d-44dd-a641-5b29fa43cabd,ef0fd18f-e9dd-480c-abc1-0eeaca4e9334,Exit B4,22.305379980000055,114.16590957000005,12.0
ef0fd18f-e9dd-480c-abc1-0eeaca4e9334_Exit B5,c9d5a5db-8f6a-4d32-8d87-9db2249f7e14,ef0fd18f-e9dd-480c-abc1-0eeaca4e9334,Exit B5,22.306131680000078,114.16546159000006,12.0
ef0fd18f-e9dd-480c-abc1-0eeaca4e9334_Exit A,c34be48e-0add-4d83-9906-a22a4ab9768f,ef0fd18f-e9dd-480c-abc1-0eeaca4e9334,Exit A,22.30575519000007,114.1662136000001,-2.8000000000029104
ef0fd18f-e9dd-480c-abc1-0eeaca4e9334_Exit C,d1e708a5-f286-4353-8d7b-a267e7ef06b0,ef0fd18f-e9dd-480c-abc1-0eeaca4e9334,Exit C,22.304486970000028,114.16638520000004,-2.8000000000029104
ef0fd18f-e9dd-480c-abc1-0eeaca4e9334_Exit B,ab377249-e365-4751-afa8-7a4193350023,ef0fd18f-e9dd-480c-abc1-0eeaca4e9334,Exit B,22.305157250000036,114.16615232000004,-2.8000000000029104
ef0fd18f-e9dd-480c-abc1-0eeaca4e9334_Exit B1,00a39967-285c-4802-9c73-f37311cfe688,ef0fd18f-e9dd-480c-abc1-0eeaca4e9334,Exit B1,22.30539306000003,114.1659167900001,5.600000000005821
ef0fd18f-e9dd-480c-abc1-0eeaca4e9334_Exit E,c1b92b95-2240-4682-89a0-5af7059cbbb8,ef0fd18f-e9dd-480c-abc1-0eeaca4e9334,Exit E,22.30286932000007,114.16741975000002,-2.8000000000029104
ef0fd18f-e9dd-480c-abc1-0eeaca4e9334_Exit D4,a70f9ed1-2599-4ec7-b98a-37de64101de4,ef0fd18f-e9dd-480c-abc1-0eeaca4e9334,Exit D4,22.303814230000057,114.16669835000005,12.0
6e41ff22-45dc-4caf-94a0-146dcca99c4b_Exit A,be7d411d-3c47-4eab-8b05-c2ffda4b0d2f,6e41ff22-45dc-4caf-94a0-146dcca99c4b,Exit A,22.35922738000005,114.10692533000008,14.0
6e41ff22-45dc-4caf-94a0-146dcca99c4b_Exit B,64869ec5-e12f-4de2-9faa-ddcb52efa5a6,6e41ff22-45dc-4caf-94a0-146dcca99c4b,Exit B,22.358415740000055,114.10708826000007,14.0
6e41ff22-45dc-4caf-94a0-146dcca99c4b_Exit A1,ec4920ec-3049-47fe-9070-8d24fd25703c,6e41ff22-45dc-4caf-94a0-146dcca99c4b,Exit A1,22.359163860000024,114.10685952000006,14.0
6e41ff22-45dc-4caf-94a0-146dcca99c4b_Exit A2,121269d0-c233-4df8-b8e6-a78262057050,6e41ff22-45dc-4caf-94a0-146dcca99c4b,Exit A2,22.35920236000004,114.1070329900001,14.0
6e41ff22-45dc-4caf-94a0-146dcca99c4b_Exit G,6ed0ca55-3b5e-4a61-bedc-52c16748e1e7,6e41ff22-45dc-4caf-94a0-146dcca99c4b,Exit G,22.358852610000042,114.10708985000008,20.0
6e41ff22-45dc-4caf-94a0-146dcca99c4b_Exit F,37cc509c-7822-4bf2-80ed-880fe1171628,6e41ff22-45dc-4caf-94a0-146dcca99c4b,Exit F,22.358828510000023,114.10700936,27.770000000004075
6e41ff22-45dc-4caf-94a0-146dcca99c4b_Exit C,d863dc75-a251-4a1b-9adf-8a8913948e6e,6e41ff22-45dc-4caf-94a0-146dcca99c4b,Exit C,22.358156250000036,114.10694746000001,6.69999999999709
a952cd87-e82a-4104-951e-5ad9b45fe525_Exit A,c8b0fd7a-9af0-4ff0-9d14-f67e12d273ef,a952cd87-e82a-4104-951e-5ad9b45fe525,Exit A,22.28223029000003,114.22242726000002,5.0
a952cd87-e82a-4104-951e-5ad9b45fe525_Exit B,c07365f5-2542-4407-b6d8-ee9d9768c967,a952cd87-e82a-4104-951e-5ad9b45fe525,Exit B,22.28198444000003,114.22219439000003,5.0
981f4b9f-691a-4e64-9037-604e861dc1c4_Exit D,a4550b63-1c1d-43ad-80d1-1ca198a19d4d,981f4b9f-691a-4e64-9037-604e861dc1c4,Exit D,22.325095710000028,114.16764002000002,5.67500000000291
981f4b9f-691a-4e64-9037-604e861dc1c4_Exit E,bc3f5ff4-45aa-455d-9d0b-d0b6d43d01c7,981f4b9f-691a-4e64-9037-604e861dc1c4,Exit E,22.325169010000025,114.16801052000005,5.67500000000291
981f4b9f-691a-4e64-9037-604e861dc1c4_Exit A,12851440-7587-409f-ad98-0817fca8045f,981f4b9f-691a-4e64-9037-604e861dc1c4,Exit A,22.325077460000045,114.1683923600001,5.67500000000291
981f4b9f-691a-4e64-9037-604e861dc1c4_Exit C2,e44bb20c-751f-4fcb-b027-c6c23a9b29e0,981f4b9f-691a-4e64-9037-604e861dc1c4,Exit C2,22.324037420000025,114.16799928000012,5.67500000000291
981f4b9f-691a-4e64-9037-604e861dc1c4_Exit C1,ab8edc65-8134-46eb-b2a4-bc9624e18a68,981f4b9f-691a-4e64-9037-604e861dc1c4,Exit C1,22.324075760000028,114.16822785000011,5.67500000000291
981f4b9f-691a-4e64-9037-604e861dc1c4_Exit B1,d956dee7-a04b-44b2-8b82-94a751b62e27,981f4b9f-691a-4e64-9037-604e861dc1c4,Exit B1,22.324159420000058,114.16855596000005,5.67500000000291
981f4b9f-691a-4e64-9037-604e861dc1c4_Exit B2,011c538e-acde-46a9-bfdd-c8aaa9dd172d,981f4b9f-691a-4e64-9037-604e861dc1c4,Exit B2,22.323847940000064,114.16903278000007,5.67500000000291
981f4b9f-691a-4e64-9037-604e861dc1c4_Exit C,c973914d-c2c1-46df-bf35-3d0acd79aa58,981f4b9f-691a-4e64-9037-604e861dc1c4,Exit C,22.323905790000026,114.16830499000002,-3.720000000001164
981f4b9f-691a-4e64-9037-604e861dc1c4_Exit B,8744c291-84e1-470b-b9dc-dd7a26a3e2e9,981f4b9f-691a-4e64-9037-604e861dc1c4,Exit B,22.323959280000054,114.16852733000007,-3.720000000001164
65b334e5-7ed3-413c-88d1-3c04e4dcf7aa_Exit A2,e1976740-5ba7-41de-ac18-579f2b3b4403,65b334e5-7ed3-413c-88d1-3c04e4dcf7aa,Exit A2,22.339666790000024,114.20090284000003,5.649999999994179
65b334e5-7ed3-413c-88d1-3c04e4dcf7aa_Exit C1,75164c92-200c-4dbb-a7b3-0a9f1afc8488,65b334e5-7ed3-413c-88d1-3c04e4dcf7aa,Exit C1,22.34014349000006,114.20227284000009,11.60000000000582
65b334e5-7ed3-413c-88d1-3c04e4dcf7aa_Exit C2,1e2dbfca-7907-48e7-a5d3-3c45fb0b28e9,65b334e5-7ed3-413c-88d1-3c04e4dcf7aa,Exit C2,22.340223010000045,114.2025249400001,15.30000000000291
65b334e5-7ed3-413c-88d1-3c04e4dcf7aa_Exit A1,7e1e9723-ebf5-4b0e-b7ca-21ae9197a733,65b334e5-7ed3-413c-88d1-3c04e4dcf7aa,Exit A1,22.340764840000077,114.20085341000004,15.0
65b334e5-7ed3-413c-88d1-3c04e4dcf7aa_Exit B,a421ee20-c0c3-4a93-8ee3-063a2a503e3f,65b334e5-7ed3-413c-88d1-3c04e4dcf7aa,Exit B,22.339342810000062,114.2020740800001,11.60000000000582
65b334e5-7ed3-413c-88d1-3c04e4dcf7aa_Exit C,3caad340-fb88-4339-b270-94dca94d2163,65b334e5-7ed3-413c-88d1-3c04e4dcf7aa,Exit C,22.339877210000054,114.20199918000003,5.649999999994179
65b334e5-7ed3-413c-88d1-3c04e4dcf7aa_Exit A,d37bf6b6-4dde-4c8c-b531-d142a06cbac4,65b334e5-7ed3-413c-88d1-3c04e4dcf7aa,Exit A,22.340281770000047,114.20090400000004,5.649999999994179
45d78f4b-7df5-4c4e-9f95-9d10f1e29b05_Exit A,90318d57-27fe-470b-a2dd-b75f6ed96757,45d78f4b-7df5-4c4e-9f95-9d10f1e29b05,Exit A,22.363600880000035,114.17091919000006,12.5
e6627058-6093-44ce-b1f1-0412eae640ed_Exit D,b980891b-f939-4d06-b04c-d19c8e14bfad,e6627058-6093-44ce-b1f1-0412eae640ed,Exit D,22.447535290000076,114.02561636000007,4.600000000005821
e6627058-6093-44ce-b1f1-0412eae640ed_Exit C,bc9f4d4a-32d5-42af-bc55-98621aec78c5,e6627058-6093-44ce-b1f1-0412eae640ed,Exit C,22.44753577000006,114.02526151000006,4.600000000005821
e6627058-6093-44ce-b1f1-0412eae640ed_Exit B,0f3ee6ee-535c-457e-8c85-5dffedeb5a39,e6627058-6093-44ce-b1f1-0412eae640ed,Exit B,22.447572080000043,114.02436664000004,13.440000000002328
e6627058-6093-44ce-b1f1-0412eae640ed_Exit E,0fba565b-7526-451e-bf21-ec7d6c20d95b,e6627058-6093-44ce-b1f1-0412eae640ed,Exit E,22.44751823000007,114.02614057000005,4.600000000005821
e6627058-6093-44ce-b1f1-0412eae640ed_Exit A,6d7d191a-9f5d-4a7c-bae6-ab5f55c67a9a,e6627058-6093-44ce-b1f1-0412eae640ed,Exit A,22.44796862000004,114.02471871000012,4.600000000005821
e6627058-6093-44ce-b1f1-0412eae640ed_Exit B1,3f10e327-374a-4ba1-a3a6-b8ed85eafaf2,e6627058-6093-44ce-b1f1-0412eae640ed,Exit B1,22.447525470000073,114.02469599000005,4.600000000005821
e6627058-6093-44ce-b1f1-0412eae640ed_Exit B2,95f5ce02-1409-472f-b7e5-18fb76bb26a4,e6627058-6093-44ce-b1f1-0412eae640ed,Exit B2,22.44753977000005,114.02423034000003,13.440000000002328
e6627058-6093-44ce-b1f1-0412eae640ed_Exit F,a4f62e33-94ad-4d2f-af1b-6607ef6e0293,e6627058-6093-44ce-b1f1-0412eae640ed,Exit F,22.447994920000042,114.02669899000011,13.440000000002328
cfe255b3-1b4d-4221-b1b9-04aca11b1b13_Exit A2,5d600457-4340-40c6-abd7-8b349e88b249,cfe255b3-1b4d-4221-b1b9-04aca11b1b13,Exit A2,22.42940161000007,114.24376297000003,9.5
cfe255b3-1b4d-4221-b1b9-04aca11b1b13_Exit B,50bb6f02-4304-4884-9ce9-3fb46dad232b,cfe255b3-1b4d-4221-b1b9-04aca11b1b13,Exit B,22.428962110000043,114.24387601000001,16.479999999995925
cfe255b3-1b4d-4221-b1b9-04aca11b1b13_Exit A1,c673e6e8-c9c4-448b-b421-02767652424b,cfe255b3-1b4d-4221-b1b9-04aca11b1b13,Exit A1,22.429405150000036,114.24376118000009,16.479999999995925
f9f93951-67f2-4b98-b86c-a3fec6209fe5_Exit A2,985b0e51-dd4e-419d-adf5-5d7dcebfa683,f9f93951-67f2-4b98-b86c-a3fec6209fe5,Exit A2,22.312418630000025,114.22563160000004,10.0
f9f93951-67f2-4b98-b86c-a3fec6209fe5_Exit A1,2b57f9c6-4c52-4fdf-aa9f-54e6499305d9,f9f93951-67f2-4b98-b86c-a3fec6209fe5,Exit A1,22.312832040000046,114.22564653000006,3.1999999999970896
f9f93951-67f2-4b98-b86c-a3fec6209fe5_Exit B,02d3377f-0c57-404b-827b-661ee6bfedcc,f9f93951-67f2-4b98-b86c-a3fec6209fe5,Exit B,22.312076300000058,114.22631477000004,10.0
f9f93951-67f2-4b98-b86c-a3fec6209fe5_Exit C,3f309ed9-9caa-4568-8970-ac2521e5169e,f9f93951-67f2-4b98-b86c-a3fec6209fe5,Exit C,22.312384550000047,114.22651106,10.0
f9f93951-67f2-4b98-b86c-a3fec6209fe5_Exit D,61588cea-a9b3-4ebc-b9e6-b7c0b2291785,f9f93951-67f2-4b98-b86c-a3fec6209fe5,Exit D,22.311692660000062,114.2272551000001,10.0
f9f93951-67f2-4b98-b86c-a3fec6209fe5_Exit D1,42a88eed-5556-411a-afac-3f7326a6e8aa,f9f93951-67f2-4b98-b86c-a3fec6209fe5,Exit D1,22.311756310000078,114.2275486100001,3.1999999999970896
f9f93951-67f2-4b98-b86c-a3fec6209fe5_Exit D3,2955a688-1344-488d-8a0a-a74dcbef6158,f9f93951-67f2-4b98-b86c-a3fec6209fe5,Exit D3,22.31165002000006,114.22701226000004,3.1999999999970896
f9f93951-67f2-4b98-b86c-a3fec6209fe5_Exit D4,b350e7b2-e0f2-4661-a8f4-2563f4414b17,f9f93951-67f2-4b98-b86c-a3fec6209fe5,Exit D4,22.31144652000006,114.22729306000008,3.1999999999970896
f9f93951-67f2-4b98-b86c-a3fec6209fe5_Exit A,0926643a-3e1d-4dbf-9feb-95fa971344a6,f9f93951-67f2-4b98-b86c-a3fec6209fe5,Exit A,22.312600660000044,114.22570800000005,10.0
f9f93951-67f2-4b98-b86c-a3fec6209fe5_Exit C3,46ddae0b-7287-4ef5-bf6b-7435ecf46731,f9f93951-67f2-4b98-b86c-a3fec6209fe5,Exit C3,22.312713530000053,114.22608842000011,3.1999999999970896
f9f93951-67f2-4b98-b86c-a3fec6209fe5_Exit C1,1e0808de-7041-4add-9e74-b97c6b5daf62,f9f93951-67f2-4b98-b86c-a3fec6209fe5,Exit C1,22.312413410000033,114.22681353000007,10.0
f9f93951-67f2-4b98-b86c-a3fec6209fe5_Exit B3,2013d0d6-65fe-4a9a-875b-75b4f2339510,f9f93951-67f2-4b98-b86c-a3fec6209fe5,Exit B3,22.311777470000038,114.22603733000005,3.1999999999970896
f9f93951-67f2-4b98-b86c-a3fec6209fe5_Exit B1,60512a0d-2ce8-439d-805e-9537e45bc501,f9f93951-67f2-4b98-b86c-a3fec6209fe5,Exit B1,22.311538940000048,114.22614958000008,3.1999999999970896
f9f93951-67f2-4b98-b86c-a3fec6209fe5_Exit B2,6ecd1dc0-6b44-4662-8d94-1820db3108ac,f9f93951-67f2-4b98-b86c-a3fec6209fe5,Exit B2,22.311519370000042,114.22613953000007,10.0
f9f93951-67f2-4b98-b86c-a3fec6209fe5_Exit C2,6737d503-0af8-4a16-80a9-d9c469a76959,f9f93951-67f2-4b98-b86c-a3fec6209fe5,Exit C2,22.312277400000028,114.22687771000005,3.1999999999970896
f9f93951-67f2-4b98-b86c-a3fec6209fe5_Exit D2,55e44436-edd0-4d51-9914-f12cbb67aeba,f9f93951-67f2-4b98-b86c-a3fec6209fe5,Exit D2,22.311855920000028,114.22738242000003,10.0
43da5fe6-74dd-452a-9515-a6a97b453c2c_Exit B1,74e76185-662c-449b-baa9-1b1adb879b1d,43da5fe6-74dd-452a-9515-a6a97b453c2c,Exit B1,22.277373640000064,114.17258116000005,3.779999999998836
43da5fe6-74dd-452a-9515-a6a97b453c2c_Exit B2,cdadd89e-fc9f-4505-9b79-95bb21dc0b8c,43da5fe6-74dd-452a-9515-a6a97b453c2c,Exit B2,22.27729248000003,114.17258302000005,3.779999999998836
43da5fe6-74dd-452a-9515-a6a97b453c2c_Exit A4,e2bbefd4-aa22-4e8e-8daa-f7c75eda13f5,43da5fe6-74dd-452a-9515-a6a97b453c2c,Exit A4,22.277443620000042,114.17331343000001,3.779999999998836
43da5fe6-74dd-452a-9515-a6a97b453c2c_Exit A3,e313a16d-cb66-405a-8761-af2f233a526d,43da5fe6-74dd-452a-9515-a6a97b453c2c,Exit A3,22.276800870000045,114.17335536000007,3.779999999998836
43da5fe6-74dd-452a-9515-a6a97b453c2c_Exit A5,01135a06-f949-4a4e-827f-df066a1906d8,43da5fe6-74dd-452a-9515-a6a97b453c2c,Exit A5,22.277477480000073,114.1733081000001,9.60000000000582
43da5fe6-74dd-452a-9515-a6a97b453c2c_Exit C,6f9778fc-d91b-4acf-ad46-7374623a201b,43da5fe6-74dd-452a-9515-a6a97b453c2c,Exit C,22.278059280000036,114.17288941000004,3.6999999999970896
43da5fe6-74dd-452a-9515-a6a97b453c2c_Exit B,0f2d3593-8cc5-43c9-beaf-69e45ca3e1e5,43da5fe6-74dd-452a-9515-a6a97b453c2c,Exit B,22.277324110000052,114.17286405000004,-1.2749999999941792
43da5fe6-74dd-452a-9515-a6a97b453c2c_Exit A,665c02c8-c25e-4e6b-aaa4-ba84c736cfec,43da5fe6-74dd-452a-9515-a6a97b453c2c,Exit A,22.277451720000045,114.17320816000006,-1.2749999999941792
43da5fe6-74dd-452a-9515-a6a97b453c2c_Exit A1,60efd828-d4d1-432d-9472-2635d3e77d0f,43da5fe6-74dd-452a-9515-a6a97b453c2c,Exit A1,22.278076440000063,114.17321668000011,3.6999999999970896
43da5fe6-74dd-452a-9515-a6a97b453c2c_Exit A2,2371e481-4bc9-4d69-878c-5d7a76adb1b7,43da5fe6-74dd-452a-9515-a6a97b453c2c,Exit A2,22.277767090000054,114.17325639,4.0
43da5fe6-74dd-452a-9515-a6a97b453c2c_Exit D,59c9460a-b4f9-426d-a5f0-0102debaca04,43da5fe6-74dd-452a-9515-a6a97b453c2c,Exit D,22.27640450000007,114.17245887000001,-1.2749999999941792
6f0e1339-7f9b-4024-abed-a462006568bc_Exit C,f820f56f-51f1-4ac9-9835-7f437482fdb5,6f0e1339-7f9b-4024-abed-a462006568bc,Exit C,22.281275980000032,114.12806474000001,12.85000000000582
6f0e1339-7f9b-4024-abed-a462006568bc_Exit A,6e7872aa-d717-4789-b8d0-0b64d73fa724,6f0e1339-7f9b-4024-abed-a462006568bc,Exit A,22.281139060000044,114.12853370000005,12.85000000000582
6f0e1339-7f9b-4024-abed-a462006568bc_Exit B,24a0cd87-6802-4c01-8ea9-74a393f07be3,6f0e1339-7f9b-4024-abed-a462006568bc,Exit B,22.28158970000004,114.12941751000005,1.8399999999965075
95dc7e53-be42-4fe2-b345-31836a016345_Exit B1,eb808c22-ab00-4dcf-8cb8-f40cd0ee3f4f,95dc7e53-be42-4fe2-b345-31836a016345,Exit B1,22.291039220000073,114.20047749000003,4.94999999999709
95dc7e53-be42-4fe2-b345-31836a016345_Exit B3,3081b657-0efa-4eba-ba71-f0cdd917afbe,95dc7e53-be42-4fe2-b345-31836a016345,Exit B3,22.29112605000006,114.2008874600001,4.94999999999709
95dc7e53-be42-4fe2-b345-31836a016345_Exit B4,f1200b04-5e2b-4435-8a2c-ad7dcbd7ace6,95dc7e53-be42-4fe2-b345-31836a016345,Exit B4,22.290704650000066,114.20068466000009,4.94999999999709
95dc7e53-be42-4fe2-b345-31836a016345_Exit A1,c6c117a6-a215-4aae-8c2a-72865bd29bcd,95dc7e53-be42-4fe2-b345-31836a016345,Exit A1,22.29222481000005,114.20028062000006,4.259999999994761
95dc7e53-be42-4fe2-b345-31836a016345_Exit A2,aff76796-c67e-4ba0-a875-01fd0f1dc90c,95dc7e53-be42-4fe2-b345-31836a016345,Exit A2,22.29191411000005,114.20029018000002,4.259999999994761
95dc7e53-be42-4fe2-b345-31836a016345_Exit B,d9926af9-0c68-43a7-9841-5dd075a2b0dd,95dc7e53-be42-4fe2-b345-31836a016345,Exit B,22.290822900000023,114.20045447000007,-8.529999999998836
95dc7e53-be42-4fe2-b345-31836a016345_Exit A4,863350b3-0dfc-4c8b-bf0e-c44849b16cf7,95dc7e53-be42-4fe2-b345-31836a016345,Exit A4,22.291758660000028,114.20042321000005,-8.529999999998836
95dc7e53-be42-4fe2-b345-31836a016345_Exit A3,a95d2cad-29a0-413d-997c-1f76281ead23,95dc7e53-be42-4fe2-b345-31836a016345,Exit A3,22.29191928000006,114.20028645000002,-8.529999999998836
95dc7e53-be42-4fe2-b345-31836a016345_Exit A,26763aa7-68e1-47dd-9467-1e66fcaf68d6,95dc7e53-be42-4fe2-b345-31836a016345,Exit A,22.291044620000037,114.20040514000004,-8.529999999998836
95dc7e53-be42-4fe2-b345-31836a016345_Exit B2,5966b3bc-8c2c-4baa-abbb-385df5340a7c,95dc7e53-be42-4fe2-b345-31836a016345,Exit B2,22.290919280000026,114.20064330000002,0.7700000000040745
2b58c53b-8b8d-4d72-9b69-dfc67f4d82ce_Exit A,de2d2bea-5572-4c3b-9f2c-c094d181f20a,2b58c53b-8b8d-4d72-9b69-dfc67f4d82ce,Exit A,22.24214463000004,114.15618668000002,12.669999999998254
2b58c53b-8b8d-4d72-9b69-dfc67f4d82ce_Exit B,4d73b345-fc42-40bf-b5e2-e69bb69a3655,2b58c53b-8b8d-4d72-9b69-dfc67f4d82ce,Exit B,22.241807170000072,114.15600552000001,12.669999999998254
2b58c53b-8b8d-4d72-9b69-dfc67f4d82ce_Exit A1,453896ee-e03e-452b-ba3b-30c83a219d6b,2b58c53b-8b8d-4d72-9b69-dfc67f4d82ce,Exit A1,22.24365327000004,114.15532324000003,4.75
2b58c53b-8b8d-4d72-9b69-dfc67f4d82ce_Exit A2,b7248e39-7806-4ab6-9b88-52dc2b0b93ed,2b58c53b-8b8d-4d72-9b69-dfc67f4d82ce,Exit A2,22.243438490000074,114.15545850000001,23.630000000004657
1dcb1c5f-c7a1-428c-bf81-9d9ffc36725c_Exit C,d0021820-0df3-4d68-99b6-6fb3cd136522,1dcb1c5f-c7a1-428c-bf81-9d9ffc36725c,Exit C,22.248984970000038,114.17486945000007,8.759999999994761
1dcb1c5f-c7a1-428c-bf81-9d9ffc36725c_Exit B,413f31e8-433f-4c3d-aa71-e2177c7fbb6b,1dcb1c5f-c7a1-428c-bf81-9d9ffc36725c,Exit B,22.248555950000025,114.17435117000002,17.479999999995925
1dcb1c5f-c7a1-428c-bf81-9d9ffc36725c_Exit A,99cb4b83-4d76-4cec-97b3-2ff3d3145e34,1dcb1c5f-c7a1-428c-bf81-9d9ffc36725c,Exit A,22.248332120000043,114.17388337000011,8.759999999994761
ea43268e-8a83-44e7-849f-f90c6d19a369_Exit C,4fda00d5-cf55-4944-aed6-5d617c4e8992,ea43268e-8a83-44e7-849f-f90c6d19a369,Exit C,22.377378360000023,114.19533621000005,5.80000000000291
ea43268e-8a83-44e7-849f-f90c6d19a369_Exit D,0a29916f-1ef7-4d43-a38d-c5ed411efcfa,ea43268e-8a83-44e7-849f-f90c6d19a369,Exit D,22.377259210000034,114.19543593000003,5.80000000000291
ea43268e-8a83-44e7-849f-f90c6d19a369_Exit A,c34e6e20-344d-498c-9d21-abff59893b6f,ea43268e-8a83-44e7-849f-f90c6d19a369,Exit A,22.376866290000066,114.19461955000008,5.80000000000291
ea43268e-8a83-44e7-849f-f90c6d19a369_Exit B,77d01d49-0367-4d3d-8935-35ae81035dc8,ea43268e-8a83-44e7-849f-f90c6d19a369,Exit B,22.376742380000053,114.19470539000008,5.80000000000291
902ee513-c6d8-47d6-bee2-f404347b03f4_Exit A,a75f2475-8b4d-4555-85aa-b5c4600b98ef,902ee513-c6d8-47d6-bee2-f404347b03f4,Exit A,22.382517990000053,114.20304388000011,5.600000000005821
902ee513-c6d8-47d6-bee2-f404347b03f4_Exit B,43310d9a-84a2-491f-a826-c9ac0343f287,902ee513-c6d8-47d6-bee2-f404347b03f4,Exit B,22.38240411000004,114.20317138000007,5.600000000005821
902ee513-c6d8-47d6-bee2-f404347b03f4_Exit D,e784f1aa-317a-4b0e-aaad-335e3072370f,902ee513-c6d8-47d6-bee2-f404347b03f4,Exit D,22.383040910000034,114.20388106000007,5.600000000005821
902ee513-c6d8-47d6-bee2-f404347b03f4_Exit C,c8425ea9-ede2-4654-8366-71bd19f17e15,902ee513-c6d8-47d6-bee2-f404347b03f4,Exit C,22.38318374000005,114.20371942000008,5.600000000005821
b5fa5f79-7c3d-4488-8dcd-c749d03f0e60_Exit A1,2121ad44-311c-4af9-a58e-c8c94bcfec09,b5fa5f79-7c3d-4488-8dcd-c749d03f0e60,Exit A1,22.277160340000023,114.23976564000009,5.460000000006403
b5fa5f79-7c3d-4488-8dcd-c749d03f0e60_Exit A2,b191d631-c0ae-43e1-868b-ffdeb3d10333,b5fa5f79-7c3d-4488-8dcd-c749d03f0e60,Exit A2,22.276605360000076,114.24024004000012,5.460000000006403
92100263-7626-48d3-a676-529a97e87aa0_Exit C,9447d0c0-92d2-4c6d-a5c9-cf7f2032cfe7,92100263-7626-48d3-a676-529a97e87aa0,Exit C,22.305978280000033,114.23376303000009,24.414999999993597
92100263-7626-48d3-a676-529a97e87aa0_Exit B,edfa6032-07e4-400b-bed5-442ebb9cb6c3,92100263-7626-48d3-a676-529a97e87aa0,Exit B,22.306666820000032,114.23365569000009,24.414999999993597
92100263-7626-48d3-a676-529a97e87aa0_Exit A,c90c9930-1c48-4806-bef4-71744bdfe0ed,92100263-7626-48d3-a676-529a97e87aa0,Exit A,22.30798635000008,114.23433022000006,70.0
92100263-7626-48d3-a676-529a97e87aa0_Exit D2,53793feb-8c59-468b-99bc-b5bebd852e90,92100263-7626-48d3-a676-529a97e87aa0,Exit D2,22.307244660000038,114.2320301100001,40.50999999999476
92100263-7626-48d3-a676-529a97e87aa0_Exit D1,d146d2b8-5c9c-4e89-96a1-4e41e3f30961,92100263-7626-48d3-a676-529a97e87aa0,Exit D1,22.30706624000004,114.23181461000001,42.429000000003725
92100263-7626-48d3-a676-529a97e87aa0_Exit D,f2bb236f-708b-4a61-978c-15056b578748,92100263-7626-48d3-a676-529a97e87aa0,Exit D,22.307073520000074,114.23234434000005,24.414999999993597
91cc7d2f-242a-40df-aff3-3eb94f6b0663_Exit C,770ccdc7-45ab-42a8-bde7-e67b7c36448a,91cc7d2f-242a-40df-aff3-3eb94f6b0663,Exit C,22.348846810000055,114.12607402000003,24.039999999993597
91cc7d2f-242a-40df-aff3-3eb94f6b0663_Exit B,3c96974e-2ff3-4d4e-8f3d-283c788a1602,91cc7d2f-242a-40df-aff3-3eb94f6b0663,Exit B,22.348460010000053,114.12580473000003,18.10000000000582
91cc7d2f-242a-40df-aff3-3eb94f6b0663_Exit A1,644a39d1-7c84-4cf1-92f2-526333b5fde2,91cc7d2f-242a-40df-aff3-3eb94f6b0663,Exit A1,22.34804108000003,114.12658026000008,39.419999999998254
91cc7d2f-242a-40df-aff3-3eb94f6b0663_Exit A2,dc42ebe9-3e86-41d2-8b38-75f45cd40e4e,91cc7d2f-242a-40df-aff3-3eb94f6b0663,Exit A2,22.34834593000005,114.1263951200001,29.570000000006985
91cc7d2f-242a-40df-aff3-3eb94f6b0663_Exit A3,8aadd2f7-c919-4834-a03f-26bb362f22e5,91cc7d2f-242a-40df-aff3-3eb94f6b0663,Exit A3,22.348297090000074,114.12632351000002,29.570000000006985
91cc7d2f-242a-40df-aff3-3eb94f6b0663_Exit A,91881cda-6050-4de0-9e3c-2d61ab1eb893,91cc7d2f-242a-40df-aff3-3eb94f6b0663,Exit A,22.348603410000067,114.12613839000005,18.10000000000582
70953f5a-ae60-46e5-9b63-68ccef5a9329_Exit C2,e84af14d-905b-4db1-b1de-a06061415a20,70953f5a-ae60-46e5-9b63-68ccef5a9329,Exit C2,22.304895540000075,114.16165538000007,23.5
70953f5a-ae60-46e5-9b63-68ccef5a9329_Exit D2,b62e23b1-3d5a-4f5b-beb2-f8eef270e294,70953f5a-ae60-46e5-9b63-68ccef5a9329,Exit D2,22.304964710000036,114.16147402000001,23.5
70953f5a-ae60-46e5-9b63-68ccef5a9329_Exit C1,f4ad4176-d3f3-46c6-be76-f5e962ae6f20,70953f5a-ae60-46e5-9b63-68ccef5a9329,Exit C1,22.304640120000045,114.16228082000009,13.5
70953f5a-ae60-46e5-9b63-68ccef5a9329_Exit D,91e20e0d-b861-40d1-9637-57551ba6ef71,70953f5a-ae60-46e5-9b63-68ccef5a9329,Exit D,22.305042710000066,114.16129867000006,6.0
70953f5a-ae60-46e5-9b63-68ccef5a9329_Exit C,2a30f554-96d9-48e2-983d-dc503494b351,70953f5a-ae60-46e5-9b63-68ccef5a9329,Exit C,22.304825840000035,114.16184676000012,6.0
70953f5a-ae60-46e5-9b63-68ccef5a9329_Exit B,b43dfdfd-ffa2-4f2f-a6e8-04731956098e,70953f5a-ae60-46e5-9b63-68ccef5a9329,Exit B,22.30420827000006,114.16218635000007,6.0
70953f5a-ae60-46e5-9b63-68ccef5a9329_Exit A,3727c61a-a985-4654-b6a7-3a5f7eccc01f,70953f5a-ae60-46e5-9b63-68ccef5a9329,Exit A,22.30504349000006,114.16227592000007,6.0
70953f5a-ae60-46e5-9b63-68ccef5a9329_Exit E6,82d17f28-d655-4f94-b766-8debeb231db9,70953f5a-ae60-46e5-9b63-68ccef5a9329,Exit E6,22.305774620000022,114.16145390000008,6.0
70953f5a-ae60-46e5-9b63-68ccef5a9329_Exit E5,fc642de1-0af4-4612-b99d-712f081f3b93,70953f5a-ae60-46e5-9b63-68ccef5a9329,Exit E5,22.30549184000006,114.16133405000005,6.0
70953f5a-ae60-46e5-9b63-68ccef5a9329_Exit E4,cc5420e8-eb10-482a-b50f-1dfa84724c89,70953f5a-ae60-46e5-9b63-68ccef5a9329,Exit E4,22.305309070000078,114.1612547200001,6.0
70953f5a-ae60-46e5-9b63-68ccef5a9329_Exit E3,3b4195e9-0ac3-4b91-88a3-ea42f34b312d,70953f5a-ae60-46e5-9b63-68ccef5a9329,Exit E3,22.304893050000032,114.16106682000009,6.0
70953f5a-ae60-46e5-9b63-68ccef5a9329_Exit E2,b3f39d18-98de-429c-babf-a2b4dde50db7,70953f5a-ae60-46e5-9b63-68ccef5a9329,Exit E2,22.304702130000067,114.16098559000011,6.0
70953f5a-ae60-46e5-9b63-68ccef5a9329_Exit E1,5a63aee7-ac08-4bcc-9330-c5810de10598,70953f5a-ae60-46e5-9b63-68ccef5a9329,Exit E1,22.304384560000074,114.16084415000012,6.0
70953f5a-ae60-46e5-9b63-68ccef5a9329_Exit D1,4fdc1d0b-02c7-47b2-accf-18a84514c857,70953f5a-ae60-46e5-9b63-68ccef5a9329,Exit D1,22.305147060000024,114.16105413000002,13.5
ec16c323-c77f-4f76-a6ba-2a9a65fe7937_Exit D2,6c007816-0265-4c5e-b4b2-35356a6c6da7,ec16c323-c77f-4f76-a6ba-2a9a65fe7937,Exit D2,22.32645413000006,114.15445406000003,6.69999999999709
ec16c323-c77f-4f76-a6ba-2a9a65fe7937_Exit D1,af38b38e-98d3-43a7-a979-2a6e8d68c029,ec16c323-c77f-4f76-a6ba-2a9a65fe7937,Exit D1,22.32570332000006,114.15527398000006,6.69999999999709
ec16c323-c77f-4f76-a6ba-2a9a65fe7937_Exit A1,130f20db-8d21-4574-a5c5-b42fd98830f5,ec16c323-c77f-4f76-a6ba-2a9a65fe7937,Exit A1,22.32791763000006,114.15358015000004,6.69999999999709
ec16c323-c77f-4f76-a6ba-2a9a65fe7937_Exit A2,dd657a22-59b4-49b2-838a-3532ce338baa,ec16c323-c77f-4f76-a6ba-2a9a65fe7937,Exit A2,22.32773811000004,114.15352199000006,6.69999999999709
ec16c323-c77f-4f76-a6ba-2a9a65fe7937_Exit C,1d5f369d-8736-425f-b9e6-0c7813a784b5,ec16c323-c77f-4f76-a6ba-2a9a65fe7937,Exit C,22.324990580000076,114.15428234000001,6.69999999999709
ec16c323-c77f-4f76-a6ba-2a9a65fe7937_Exit B,56ffcce1-25fd-4dbf-bca8-700f6686a02a,ec16c323-c77f-4f76-a6ba-2a9a65fe7937,Exit B,22.326264240000057,114.15265039000008,6.69999999999709
ec16c323-c77f-4f76-a6ba-2a9a65fe7937_Exit D,6cd1a1ef-596f-4246-bffe-f5c03060863c,ec16c323-c77f-4f76-a6ba-2a9a65fe7937,Exit D,22.32610826000007,114.15477081000006,-4.5
ec16c323-c77f-4f76-a6ba-2a9a65fe7937_Exit A,e641e832-ca7f-4973-b315-ab51f596d3cb,ec16c323-c77f-4f76-a6ba-2a9a65fe7937,Exit A,22.32743067000007,114.15317086000005,-4.5
26a47369-fde7-40a8-96d7-d6606cfe7411_Exit  D1,a7b54ac5-9c5a-46c1-a1e2-b2eab1c9b3a2,26a47369-fde7-40a8-96d7-d6606cfe7411,Exit  D1,22.304199840000024,114.19061476000002,-3.5650000000023283
26a47369-fde7-40a8-96d7-d6606cfe7411_Exit  C1,1010d366-2c41-4d64-bc8b-333ed31d97a3,26a47369-fde7-40a8-96d7-d6606cfe7411,Exit  C1,22.304443020000065,114.18977214000006,-3.5650000000023283
26a47369-fde7-40a8-96d7-d6606cfe7411_Exit B,a7250b4b-d76a-4e37-86da-d7274973a9d2,26a47369-fde7-40a8-96d7-d6606cfe7411,Exit B,22.305209370000057,114.18836666000004,5.350000000005821
26a47369-fde7-40a8-96d7-d6606cfe7411_Exit C2,3b08ce97-03be-4154-a2c0-b72ef529edac,26a47369-fde7-40a8-96d7-d6606cfe7411,Exit C2,22.304518750000057,114.18982445000006,5.350000000005821
26a47369-fde7-40a8-96d7-d6606cfe7411_Exit  D2,a06f6c9c-08a5-4f99-92ae-ba6fac665c30,26a47369-fde7-40a8-96d7-d6606cfe7411,Exit  D2,22.304048710000075,114.19086197000001,5.350000000005821
26a47369-fde7-40a8-96d7-d6606cfe7411_Exit A,eb7f47a6-57f0-4183-bb81-be3aae181213,26a47369-fde7-40a8-96d7-d6606cfe7411,Exit A,22.30585319000005,114.18875193000008,5.350000000005821
26a47369-fde7-40a8-96d7-d6606cfe7411_Exit C,887e80cd-8d5c-4cf1-a763-d9ccbc4ca0ec,26a47369-fde7-40a8-96d7-d6606cfe7411,Exit C,22.304480630000057,114.18993541000009,-9.19999999999709
26a47369-fde7-40a8-96d7-d6606cfe7411_Exit D,28a74dd9-8a26-48d5-b5e4-d9ce805a0ba8,26a47369-fde7-40a8-96d7-d6606cfe7411,Exit D,22.304431890000046,114.19045191000009,-9.19999999999709
2212e1f9-9c77-429e-837d-67b918f34d03_Exit A2,814682ed-8a7b-4594-984a-1acf7d7a6484,2212e1f9-9c77-429e-837d-67b918f34d03,Exit A2,22.304447120000077,114.25291613000002,8.25
2212e1f9-9c77-429e-837d-67b918f34d03_Exit A1,6640c1ef-d32d-4549-811b-3e2d6a1b1b44,2212e1f9-9c77-429e-837d-67b918f34d03,Exit A1,22.304532040000026,114.25282787000003,8.25
2212e1f9-9c77-429e-837d-67b918f34d03_Exit B,9e8f87b9-504d-4c2e-8ae3-f899cf675385,2212e1f9-9c77-429e-837d-67b918f34d03,Exit B,22.304046520000043,114.25206438000009,8.25
2212e1f9-9c77-429e-837d-67b918f34d03_Exit A,07c2978b-9540-4715-9271-0fdf8232f59c,2212e1f9-9c77-429e-837d-67b918f34d03,Exit A,22.304343840000058,114.25273211000001,8.25
4f355998-ea7a-4867-aae7-f587ad4aff66_Exit A,2ee72889-4e49-44f8-aa9a-42a17021e229,4f355998-ea7a-4867-aae7-f587ad4aff66,Exit A,22.373941030000026,114.11698731000001,13.330000000001746
4f355998-ea7a-4867-aae7-f587ad4aff66_Exit C,31e9b718-55f6-424a-a58a-09baf8a07bd4,4f355998-ea7a-4867-aae7-f587ad4aff66,Exit C,22.37335487000007,114.11850764000008,13.330000000001746
4f355998-ea7a-4867-aae7-f587ad4aff66_Exit B,3e97421a-602e-4909-8def-5bf83a0b32e6,4f355998-ea7a-4867-aae7-f587ad4aff66,Exit B,22.373355030000027,114.11825134000003,13.330000000001746
4f355998-ea7a-4867-aae7-f587ad4aff66_Exit B1,cdb1de74-cd0f-415c-827f-72f2c2040f6f,4f355998-ea7a-4867-aae7-f587ad4aff66,Exit B1,22.373180180000077,114.11826739000003,13.330000000001746
4f355998-ea7a-4867-aae7-f587ad4aff66_Exit B2,b2fc205a-d759-4250-b417-8d463b7cdc85,4f355998-ea7a-4867-aae7-f587ad4aff66,Exit B2,22.373060120000048,114.11855692000006,13.330000000001746
4f355998-ea7a-4867-aae7-f587ad4aff66_Exit B3,f271afc1-ec0d-4290-9721-49439aba23f3,4f355998-ea7a-4867-aae7-f587ad4aff66,Exit B3,22.373158940000053,114.1187146200001,13.330000000001746
4f355998-ea7a-4867-aae7-f587ad4aff66_Exit A1,eb7b6d2e-5bf8-46b0-9eb9-7cc9ca504316,4f355998-ea7a-4867-aae7-f587ad4aff66,Exit A1,22.37377402000004,114.11689761000002,13.330000000001746
4f355998-ea7a-4867-aae7-f587ad4aff66_Exit A2,b1031a71-2a26-4d64-a5d7-42429ba49f36,4f355998-ea7a-4867-aae7-f587ad4aff66,Exit A2,22.373889450000036,114.1166123800001,13.330000000001746
4f355998-ea7a-4867-aae7-f587ad4aff66_Exit A3,77ad6b07-3d5a-466c-a942-582802429a96,4f355998-ea7a-4867-aae7-f587ad4aff66,Exit A3,22.374124290000054,114.11648446000004,13.330000000001746
4f355998-ea7a-4867-aae7-f587ad4aff66_Exit A4,429c26d0-0ce8-4477-9ad1-51f7b2ca3ba3,4f355998-ea7a-4867-aae7-f587ad4aff66,Exit A4,22.374067860000025,114.11669769000002,13.330000000001746
4f355998-ea7a-4867-aae7-f587ad4aff66_Exit E,cb500cde-1fd4-4599-8434-ab2549e4fa5e,4f355998-ea7a-4867-aae7-f587ad4aff66,Exit E,22.37333257000006,114.11827015000006,9.35000000000582
4f355998-ea7a-4867-aae7-f587ad4aff66_Exit D,8bc56f91-5308-4169-91bf-dc086cb12190,4f355998-ea7a-4867-aae7-f587ad4aff66,Exit D,22.373781740000027,114.11729676000004,9.35000000000582
e1c20a8c-bfe8-4159-957e-829c4cd1bde3_Exit D,724cd558-13a4-4ccc-a64c-2bcf92127a8c,e1c20a8c-bfe8-4159-957e-829c4cd1bde3,Exit D,22.303787880000073,114.17189737000001,7.30000000000291
e1c20a8c-bfe8-4159-957e-829c4cd1bde3_Exit B1,7042e90b-823c-4ff3-8bb6-06005f38b11b,e1c20a8c-bfe8-4159-957e-829c4cd1bde3,Exit B1,22.305543080000064,114.17188732000011,7.30000000000291
e1c20a8c-bfe8-4159-957e-829c4cd1bde3_Exit B2,230ef3db-c63c-4072-8a59-bbf25fa4bc5b,e1c20a8c-bfe8-4159-957e-829c4cd1bde3,Exit B2,22.30571720000006,114.17225063000001,7.30000000000291
e1c20a8c-bfe8-4159-957e-829c4cd1bde3_Exit A,b0c311c7-c5b9-40ad-b6d4-2fd5327f1fbb,e1c20a8c-bfe8-4159-957e-829c4cd1bde3,Exit A,22.305419160000042,114.17128978000005,7.30000000000291
e1c20a8c-bfe8-4159-957e-829c4cd1bde3_Exit B,2e017e7d-2af1-436a-b4f9-2949446af69b,e1c20a8c-bfe8-4159-957e-829c4cd1bde3,Exit B,22.30548956000007,114.17187317000003,1.1000000000058208
e1c20a8c-bfe8-4159-957e-829c4cd1bde3_Exit E,3b7e537d-2fa9-416d-a4f7-f783fe115010,e1c20a8c-bfe8-4159-957e-829c4cd1bde3,Exit E,22.30434967000008,114.17180967000002,1.1000000000058208
e1c20a8c-bfe8-4159-957e-829c4cd1bde3_Exit C,83c4319f-7939-470f-9840-6300f1820147,e1c20a8c-bfe8-4159-957e-829c4cd1bde3,Exit C,22.304371420000052,114.17157727000006,1.1000000000058208
e1c20a8c-bfe8-4159-957e-829c4cd1bde3_Exit C1,3bb4832c-be7d-4d88-bbd2-d067169e6d03,e1c20a8c-bfe8-4159-957e-829c4cd1bde3,Exit C1,22.304330180000022,114.17150828000001,7.30000000000291
e1c20a8c-bfe8-4159-957e-829c4cd1bde3_Exit C2,04fcb946-8fec-4fdf-b94a-e60877622be9,e1c20a8c-bfe8-4159-957e-829c4cd1bde3,Exit C2,22.304306660000066,114.17115825000008,7.30000000000291
141fd6ff-a270-423c-8702-7d887062be3d_Exit C,9002ac4e-0385-42aa-83fe-3100d0d459b0,141fd6ff-a270-423c-8702-7d887062be3d,Exit C,22.418443770000067,114.22612441000001,7.19999999999709
141fd6ff-a270-423c-8702-7d887062be3d_Exit A,50a7323a-02e3-4d19-acb4-f88c52ee45e8,141fd6ff-a270-423c-8702-7d887062be3d,Exit A,22.41787946000005,114.22580572000004,2.1000000000058208
141fd6ff-a270-423c-8702-7d887062be3d_Exit B,8a49b51b-601f-4095-afd0-37751e40b6a2,141fd6ff-a270-423c-8702-7d887062be3d,Exit B,22.417834930000026,114.22595139000009,2.1000000000058208
45701b21-f750-4213-9cd4-299e6c9820bc_Exit A,40cea208-2db2-4f2a-8d85-7873b6d2ab1a,45701b21-f750-4213-9cd4-299e6c9820bc,Exit A,22.35725462000005,114.12824702000012,7.25
45701b21-f750-4213-9cd4-299e6c9820bc_Exit D,4503159f-d81a-46be-942f-731d2afd3d61,45701b21-f750-4213-9cd4-299e6c9820bc,Exit D,22.357364030000042,114.1280669900001,7.25
45701b21-f750-4213-9cd4-299e6c9820bc_Exit E,05a5e2b7-0886-4aac-8296-1b5aa73b7918,45701b21-f750-4213-9cd4-299e6c9820bc,Exit E,22.35712091000005,114.12788014000012,14.470000000001164
45701b21-f750-4213-9cd4-299e6c9820bc_Exit C,6ff47779-1aec-479c-b14f-fd702022758d,45701b21-f750-4213-9cd4-299e6c9820bc,Exit C,22.356374990000063,114.12731655000005,7.25
45701b21-f750-4213-9cd4-299e6c9820bc_Exit B,287b9c00-d356-4763-a01a-9f5c99108db1,45701b21-f750-4213-9cd4-299e6c9820bc,Exit B,22.356261800000027,114.12749984000004,7.25
b44cf139-5938-408b-af48-649dfd09694e_Exit A2,b0d89567-b699-42c8-bae1-6a0bc3eabedf,b44cf139-5938-408b-af48-649dfd09694e,Exit A2,22.444345360000057,114.16976331000001,5.559999999997672
b44cf139-5938-408b-af48-649dfd09694e_Exit B,65d5bd1b-0b56-49a0-9d36-e86ac9957c06,b44cf139-5938-408b-af48-649dfd09694e,Exit B,22.444183990000056,114.17111966000004,5.559999999997672
b44cf139-5938-408b-af48-649dfd09694e_Exit A3,5fdc0b05-cf35-4424-8a64-9e06539a3810,b44cf139-5938-408b-af48-649dfd09694e,Exit A3,22.44413288000004,114.17007234000005,5.559999999997672
b44cf139-5938-408b-af48-649dfd09694e_Exit A1,4a20c4c3-1a77-46ae-95c2-473b5e2847ba,b44cf139-5938-408b-af48-649dfd09694e,Exit A1,22.444262150000043,114.16997179000009,5.559999999997672
b44cf139-5938-408b-af48-649dfd09694e_Exit A,b537a88f-2f34-4126-b0ce-bba5e136c711,b44cf139-5938-408b-af48-649dfd09694e,Exit A,22.444331410000075,114.16992388000006,5.559999999997672
d47477e8-81bb-4400-943a-e2541261bf4b_Exit A,0a096d54-2945-43db-941a-6d9680d0c077,d47477e8-81bb-4400-943a-e2541261bf4b,Exit A,22.326120760000038,114.19193079000001,7.100000000005821
d47477e8-81bb-4400-943a-e2541261bf4b_Exit D,19d2a88e-7648-40c2-83f8-bc573510e046,d47477e8-81bb-4400-943a-e2541261bf4b,Exit D,22.32565580000005,114.19121966000012,7.100000000005821
d47477e8-81bb-4400-943a-e2541261bf4b_Exit B3,180187de-0e7b-4023-a7f0-b2a04effc221,d47477e8-81bb-4400-943a-e2541261bf4b,Exit B3,22.328521160000037,114.18986020000011,7.100000000005821
d47477e8-81bb-4400-943a-e2541261bf4b_Exit B2,ccd35661-27bd-41a4-b8b2-83731e4a4d58,d47477e8-81bb-4400-943a-e2541261bf4b,Exit B2,22.327985660000024,114.18983766000008,7.100000000005821
d47477e8-81bb-4400-943a-e2541261bf4b_Exit B1,a43280a0-0566-4fcc-a76e-8712d9d69d22,d47477e8-81bb-4400-943a-e2541261bf4b,Exit B1,22.32712151000004,114.1898187700001,-3.529999999998836
d47477e8-81bb-4400-943a-e2541261bf4b_Exit B,d60043e0-4284-4678-9fdd-1f2b849c8b35,d47477e8-81bb-4400-943a-e2541261bf4b,Exit B,22.325801410000054,114.19071627000005,-3.529999999998836
e693ee01-7b5b-42fb-a329-d864b751f114_Exit B,67f7dd9a-e7e4-49f9-9403-da4da0a8ba61,e693ee01-7b5b-42fb-a329-d864b751f114,Exit B,22.264168890000064,114.23682094000003,5.19999999999709
e693ee01-7b5b-42fb-a329-d864b751f114_Exit C,8f1468e9-e781-4f0e-9a60-3ff2c526189a,e693ee01-7b5b-42fb-a329-d864b751f114,Exit C,22.264889480000022,114.23719545000006,5.19999999999709
e693ee01-7b5b-42fb-a329-d864b751f114_Exit D,44519db5-cfa1-4b2b-9c5e-c445ee5d5bd9,e693ee01-7b5b-42fb-a329-d864b751f114,Exit D,22.26532196000005,114.23739918000001,11.75
e693ee01-7b5b-42fb-a329-d864b751f114_Exit E,a69a10bd-4686-4cf8-a754-01e68f5aa809,e693ee01-7b5b-42fb-a329-d864b751f114,Exit E,22.263923110000064,114.23666916000002,11.75
e693ee01-7b5b-42fb-a329-d864b751f114_Exit A,c7482f93-26f4-4009-b597-6c34dc0bb85a,e693ee01-7b5b-42fb-a329-d864b751f114,Exit A,22.26387256000004,114.23685149000005,11.75
bfc60c05-4e91-4b0a-96d9-e596e807a2bb_Exit (Long Yat Road),1b37ab8b-f039-4eac-9b20-9a7526fa074e,bfc60c05-4e91-4b0a-96d9-e596e807a2bb,Exit (Long Yat Road),22.446415070000057,114.03548861000002,5.100000000005821
bfc60c05-4e91-4b0a-96d9-e596e807a2bb_Exit B,8c89a5e1-34c7-45bd-81c6-ba192eb6157f,bfc60c05-4e91-4b0a-96d9-e596e807a2bb,Exit B,22.445910280000078,114.03338027000007,5.100000000005821
bfc60c05-4e91-4b0a-96d9-e596e807a2bb_Exit J,9ac5b076-e202-4837-a63d-3157bce99942,bfc60c05-4e91-4b0a-96d9-e596e807a2bb,Exit J,22.44627600000007,114.03672967000011,5.100000000005821
bfc60c05-4e91-4b0a-96d9-e596e807a2bb_Exit C,3a599c80-5d97-44ef-92ab-3d34dacad735,bfc60c05-4e91-4b0a-96d9-e596e807a2bb,Exit C,22.44595123000005,114.03383379000002,12.75
bfc60c05-4e91-4b0a-96d9-e596e807a2bb_Exit A,a71deacf-da62-4e2d-921c-2c7a5f200e9d,bfc60c05-4e91-4b0a-96d9-e596e807a2bb,Exit A,22.446218690000023,114.03382398000008,12.75
bfc60c05-4e91-4b0a-96d9-e596e807a2bb_Exit E,c31e2d49-c468-4fbb-a328-5adefecfcd77,bfc60c05-4e91-4b0a-96d9-e596e807a2bb,Exit E,22.445953170000053,114.03466088000005,12.75
bfc60c05-4e91-4b0a-96d9-e596e807a2bb_Exit F,188e768b-33f4-403e-a05d-8d89983db672,bfc60c05-4e91-4b0a-96d9-e596e807a2bb,Exit F,22.445960150000076,114.0352278900001,12.75
bfc60c05-4e91-4b0a-96d9-e596e807a2bb_Exit G,db26df89-b816-4908-84cb-89c25a8556d8,bfc60c05-4e91-4b0a-96d9-e596e807a2bb,Exit G,22.44624138000006,114.03527823000002,12.75
bfc60c05-4e91-4b0a-96d9-e596e807a2bb_Exit H,248bbcd2-0151-458c-a1fd-21c5946a2da0,bfc60c05-4e91-4b0a-96d9-e596e807a2bb,Exit H,22.445932810000045,114.0365561100001,12.75
bfc60c05-4e91-4b0a-96d9-e596e807a2bb_Exit G2,9cc8ad84-22ce-4476-865c-72afe323849d,bfc60c05-4e91-4b0a-96d9-e596e807a2bb,Exit G2,22.446425890000057,114.0353425400001,12.75
bfc60c05-4e91-4b0a-96d9-e596e807a2bb_Exit G1,0234e27e-b686-469a-9d94-95ab51b1bb11,bfc60c05-4e91-4b0a-96d9-e596e807a2bb,Exit G1,22.44631701000003,114.03494453000008,5.100000000005821
bfc60c05-4e91-4b0a-96d9-e596e807a2bb_Exit K,b9cf852d-e463-4e84-a24d-e57372111a51,bfc60c05-4e91-4b0a-96d9-e596e807a2bb,Exit K,22.445922860000053,114.03648725000005,12.75
b9b2f6ff-582d-40b0-b82d-027e950e6791_Exit F,e824541a-71f1-4614-ae81-b94882be6ecc,b9b2f6ff-582d-40b0-b82d-027e950e6791,Exit F,22.278867770000033,114.16585982000004,-2.139999999999418
b9b2f6ff-582d-40b0-b82d-027e950e6791_Exit D,20c43fdd-c1fe-445e-8e92-f5ef7ffd1a5b,b9b2f6ff-582d-40b0-b82d-027e950e6791,Exit D,22.278885590000073,114.16578174000006,-2.139999999999418
b9b2f6ff-582d-40b0-b82d-027e950e6791_Exit C,51ca4504-c3a6-4c01-b56a-2df4dab6e3d4,b9b2f6ff-582d-40b0-b82d-027e950e6791,Exit C,22.27915831000007,114.16505702000006,-2.139999999999418
b9b2f6ff-582d-40b0-b82d-027e950e6791_Exit B,6de7c8fe-6519-401e-a54e-11a154d62d78,b9b2f6ff-582d-40b0-b82d-027e950e6791,Exit B,22.27938818000007,114.16437372000007,-2.139999999999418
b9b2f6ff-582d-40b0-b82d-027e950e6791_Exit A,bd833349-e35c-4cf1-9932-6843a9543314,b9b2f6ff-582d-40b0-b82d-027e950e6791,Exit A,22.279436160000046,114.16503569000008,-2.139999999999418
b9b2f6ff-582d-40b0-b82d-027e950e6791_Exit E1,51ce1bd5-f064-4fef-ab3f-0f2dcd4cdac9,b9b2f6ff-582d-40b0-b82d-027e950e6791,Exit E1,22.278909560000045,114.16601088000004,6.0
b9b2f6ff-582d-40b0-b82d-027e950e6791_Exit E2,fa1fc432-f827-4eca-a47c-45b1ddb201fc,b9b2f6ff-582d-40b0-b82d-027e950e6791,Exit E2,22.27888752000007,114.16624518000003,6.0
b9b2f6ff-582d-40b0-b82d-027e950e6791_Exit C1,f8ca5635-df17-4ba4-8762-09d2ddb22b66,b9b2f6ff-582d-40b0-b82d-027e950e6791,Exit C1,22.278547570000057,114.1647935100001,6.100000000005821
b9b2f6ff-582d-40b0-b82d-027e950e6791_Exit C2,8e7d9aed-1730-44f1-ba49-a1243979d9ca,b9b2f6ff-582d-40b0-b82d-027e950e6791,Exit C2,22.279042960000027,114.16478974000006,5.69999999999709
b9b2f6ff-582d-40b0-b82d-027e950e6791_Exit E,27314785-db13-4381-95c6-f9eebbe27e5e,b9b2f6ff-582d-40b0-b82d-027e950e6791,Exit E,22.27914835000007,114.16595639000002,-2.139999999999418
8769ac7e-21b4-4e9f-b776-7490f7689f32_Exit A,a5d5ca90-95eb-48cc-bac6-f24c13dffacb,8769ac7e-21b4-4e9f-b776-7490f7689f32,Exit A,22.302972820000036,114.18127017000006,13.80000000000291
8769ac7e-21b4-4e9f-b776-7490f7689f32_Exit D,e7dcfce7-433d-4168-96dc-0f4d96855b77,8769ac7e-21b4-4e9f-b776-7490f7689f32,Exit D,22.30281214000007,114.1812540300001,13.80000000000291
8769ac7e-21b4-4e9f-b776-7490f7689f32_Exit D6,013870df-aa1f-47fa-a3f0-5857ebdd14bd,8769ac7e-21b4-4e9f-b776-7490f7689f32,Exit D6,22.30216346000003,114.18129083000008,13.80000000000291
8769ac7e-21b4-4e9f-b776-7490f7689f32_Exit C1,b119cb4e-676f-4b99-a3dc-47f6d728d09c,8769ac7e-21b4-4e9f-b776-7490f7689f32,Exit C1,22.303372310000043,114.1824155600001,13.80000000000291
8769ac7e-21b4-4e9f-b776-7490f7689f32_Exit C3,6e30b8b5-ed97-4a46-84e5-4e155a11fbaf,8769ac7e-21b4-4e9f-b776-7490f7689f32,Exit C3,22.302292910000062,114.18230176000009,13.80000000000291
8769ac7e-21b4-4e9f-b776-7490f7689f32_Exit C2,362a97bb-f464-4bb9-839d-8fbfff575ae3,8769ac7e-21b4-4e9f-b776-7490f7689f32,Exit C2,22.30277908000005,114.18235749000007,13.80000000000291
8769ac7e-21b4-4e9f-b776-7490f7689f32_Exit B2,e7322093-0898-4e7f-a69e-d3277f5b32a1,8769ac7e-21b4-4e9f-b776-7490f7689f32,Exit B2,22.30353445000003,114.18217427000002,13.80000000000291
8769ac7e-21b4-4e9f-b776-7490f7689f32_Exit D3,5cd70eb8-8d5d-4590-b085-8fb65268aaad,8769ac7e-21b4-4e9f-b776-7490f7689f32,Exit D3,22.301371310000036,114.1811846600001,13.80000000000291
8769ac7e-21b4-4e9f-b776-7490f7689f32_Exit A3,b8c1cbd0-7921-4289-901c-cb22184163b3,8769ac7e-21b4-4e9f-b776-7490f7689f32,Exit A3,22.30410370000004,114.18149111000002,13.80000000000291
8769ac7e-21b4-4e9f-b776-7490f7689f32_Exit D4,3d4820dd-c7c4-48d8-a779-2e81c142e7a3,8769ac7e-21b4-4e9f-b776-7490f7689f32,Exit D4,22.300771780000048,114.18107467000004,13.80000000000291
8769ac7e-21b4-4e9f-b776-7490f7689f32_Exit A2,fb83135d-ba18-4290-b426-97b97b60f3dd,8769ac7e-21b4-4e9f-b776-7490f7689f32,Exit A2,22.30379657000003,114.1814512200001,13.80000000000291
8769ac7e-21b4-4e9f-b776-7490f7689f32_Exit D2,d3e36ecf-8fa2-45d4-a062-375716d7e805,8769ac7e-21b4-4e9f-b776-7490f7689f32,Exit D2,22.301850960000024,114.18207339000003,13.80000000000291
8769ac7e-21b4-4e9f-b776-7490f7689f32_Exit A1,4ede962b-d25e-40ac-bcd0-56db21218d98,8769ac7e-21b4-4e9f-b776-7490f7689f32,Exit A1,22.303463540000052,114.18113268000002,9.80000000000291
8769ac7e-21b4-4e9f-b776-7490f7689f32_Exit D1,7805b4ae-0cff-4596-8670-27a50970b599,8769ac7e-21b4-4e9f-b776-7490f7689f32,Exit D1,22.302057150000053,114.18099035000012,9.80000000000291
8769ac7e-21b4-4e9f-b776-7490f7689f32_Exit D5,38ee07c5-45db-425a-b9ed-42e29bf7df77,8769ac7e-21b4-4e9f-b776-7490f7689f32,Exit D5,22.30078005000007,114.18094668000003,9.80000000000291
8769ac7e-21b4-4e9f-b776-7490f7689f32_Exit B1,1efe6ef9-0a46-401e-9fe4-127525e2905a,8769ac7e-21b4-4e9f-b776-7490f7689f32,Exit B1,22.303914770000063,114.18267820000005,9.80000000000291
eaa66bea-059b-4cdc-883f-a4ac85d67785_Exit E,c286ecf0-a1db-4cb8-a9c9-1ea6900e5e7e,eaa66bea-059b-4cdc-883f-a4ac85d67785,Exit E,22.41275292000006,113.97909629000003,17.64999999999418
eaa66bea-059b-4cdc-883f-a4ac85d67785_Exit A,6d7c375d-4c4f-468d-a155-dc5f0f16b07d,eaa66bea-059b-4cdc-883f-a4ac85d67785,Exit A,22.41096631000005,113.97858441000005,17.64999999999418
eaa66bea-059b-4cdc-883f-a4ac85d67785_Exit C2,9f8a4963-355b-43cc-afc2-abc79c740277,eaa66bea-059b-4cdc-883f-a4ac85d67785,Exit C2,22.41227231000005,113.97808997000004,10.860000000000582
eaa66bea-059b-4cdc-883f-a4ac85d67785_Exit C1,fdaa08c1-0a82-4aee-b365-f78b1c3569bf,eaa66bea-059b-4cdc-883f-a4ac85d67785,Exit C1,22.411941240000033,113.97821656000008,10.860000000000582
eaa66bea-059b-4cdc-883f-a4ac85d67785_Exit C3,3628b42c-e305-4f09-a8e5-b2d58886c4e8,eaa66bea-059b-4cdc-883f-a4ac85d67785,Exit C3,22.41207454000005,113.97825125000008,10.860000000000582
eaa66bea-059b-4cdc-883f-a4ac85d67785_Exit B1,70e0f167-6dd1-4170-bf60-5082f08160b8,eaa66bea-059b-4cdc-883f-a4ac85d67785,Exit B1,22.411773710000034,113.9786133,10.860000000000582
eaa66bea-059b-4cdc-883f-a4ac85d67785_Exit B2,1e725812-d20e-4058-959a-1d43a4d8200b,eaa66bea-059b-4cdc-883f-a4ac85d67785,Exit B2,22.41203261000004,113.97868876000007,10.860000000000582
eaa66bea-059b-4cdc-883f-a4ac85d67785_Exit D,f5b7970a-d7ae-4db1-a91c-114af234d964,eaa66bea-059b-4cdc-883f-a4ac85d67785,Exit D,22.412022140000033,113.97861416,17.64999999999418
eaa66bea-059b-4cdc-883f-a4ac85d67785_Exit F,c3d1b8c7-af0e-4d46-9950-e9cb75db4600,eaa66bea-059b-4cdc-883f-a4ac85d67785,Exit F,22.41192822000005,113.9791891000001,17.64999999999418
404efe33-0d74-4c3e-972e-5f46339c10e8_Exit C,1fb281b4-9a7b-420c-baf4-4714ab4e8476,404efe33-0d74-4c3e-972e-5f46339c10e8,Exit C,22.28707957000006,114.15215582000008,4.095000000001164
404efe33-0d74-4c3e-972e-5f46339c10e8_Exit D,eae9d5be-8b9c-48bf-b02e-a589711896b6,404efe33-0d74-4c3e-972e-5f46339c10e8,Exit D,22.287561620000076,114.1522780900001,-5.8399999999965075
404efe33-0d74-4c3e-972e-5f46339c10e8_Exit B,32b84eb7-8c96-4e9e-bbdb-84ba289afdf4,404efe33-0d74-4c3e-972e-5f46339c10e8,Exit B,22.28668662000007,114.15202750000003,4.389999999999418
404efe33-0d74-4c3e-972e-5f46339c10e8_Exit A,e94d299b-3d14-4db2-8564-936f171b8779,404efe33-0d74-4c3e-972e-5f46339c10e8,Exit A,22.28642769000004,114.15225991000011,-5.8399999999965075
404efe33-0d74-4c3e-972e-5f46339c10e8_Exit E,28ec8115-e766-441a-b4e3-32b74617ff77,404efe33-0d74-4c3e-972e-5f46339c10e8,Exit E,22.28644514000007,114.15370760000008,-9.448999999993248
404efe33-0d74-4c3e-972e-5f46339c10e8_Exit E4,f1b2c043-df1b-498e-a925-a878938bbe40,404efe33-0d74-4c3e-972e-5f46339c10e8,Exit E4,22.286625470000047,114.15367260000005,4.30000000000291
404efe33-0d74-4c3e-972e-5f46339c10e8_Exit E5,4ce0627d-29e8-426d-a1ff-68faf677ba9f,404efe33-0d74-4c3e-972e-5f46339c10e8,Exit E5,22.286604100000034,114.15364976000001,4.30000000000291
404efe33-0d74-4c3e-972e-5f46339c10e8_Exit E3,8f5d6c32-396e-4532-b7b3-95f6cc5f5a57,404efe33-0d74-4c3e-972e-5f46339c10e8,Exit E3,22.286179960000027,114.15364722000004,4.30000000000291
404efe33-0d74-4c3e-972e-5f46339c10e8_Exit A2,ad2c2282-a51e-4bb5-a9d9-6e5b321dc3f0,404efe33-0d74-4c3e-972e-5f46339c10e8,Exit A2,22.28612337000004,114.15219968000008,4.114000000001397
404efe33-0d74-4c3e-972e-5f46339c10e8_Exit A1,48f4cc1c-211a-4472-bfcb-1f0dc003c521,404efe33-0d74-4c3e-972e-5f46339c10e8,Exit A1,22.286374910000063,114.15224157000011,4.389999999999418
404efe33-0d74-4c3e-972e-5f46339c10e8_Exit E1,b65f392a-4184-4eae-9051-577d540c1549,404efe33-0d74-4c3e-972e-5f46339c10e8,Exit E1,22.28606546000003,114.15332065000007,4.30000000000291
404efe33-0d74-4c3e-972e-5f46339c10e8_Exit E2,9fc9ad66-e6a5-4a70-91e7-b855decf5202,404efe33-0d74-4c3e-972e-5f46339c10e8,Exit E2,22.285875050000072,114.15327453000009,4.30000000000291
7442ca0c-914a-4c29-af44-6622c59f01c9_Exit C,8034d345-74a3-41b5-8921-942e3826a63c,7442ca0c-914a-4c29-af44-6622c59f01c9,Exit C,22.32240949000004,114.25772504000008,8.0
7442ca0c-914a-4c29-af44-6622c59f01c9_Exit B2,1a5cf561-fecc-453d-8eb2-c18f522b6e1a,7442ca0c-914a-4c29-af44-6622c59f01c9,Exit B2,22.321820340000045,114.25819244000002,17.0
7442ca0c-914a-4c29-af44-6622c59f01c9_Exit A1,15f24f98-5a9d-408a-be55-91f0b919e735,7442ca0c-914a-4c29-af44-6622c59f01c9,Exit A1,22.32288396000007,114.2573692200001,17.0
7442ca0c-914a-4c29-af44-6622c59f01c9_Exit A2,114ebc28-f02a-487b-8f79-05128697f0ca,7442ca0c-914a-4c29-af44-6622c59f01c9,Exit A2,22.32309956000006,114.25766661000011,17.0
7442ca0c-914a-4c29-af44-6622c59f01c9_Exit B1,3dde8d81-b9b9-4309-9ca6-a7d3c404b2f5,7442ca0c-914a-4c29-af44-6622c59f01c9,Exit B1,22.322109010000077,114.25843381000004,17.0
7442ca0c-914a-4c29-af44-6622c59f01c9_Exit B3,b961a6ab-9447-4c3c-9c0f-392155405969,7442ca0c-914a-4c29-af44-6622c59f01c9,Exit B3,22.321798940000065,114.25830772000006,17.0
7442ca0c-914a-4c29-af44-6622c59f01c9_Exit A,fd19c233-b742-4679-9ea8-e2bb84981edd,7442ca0c-914a-4c29-af44-6622c59f01c9,Exit A,22.322685080000042,114.25762680000003,8.0
7442ca0c-914a-4c29-af44-6622c59f01c9_Exit B,475d7c50-2dd3-4df6-b26a-f304f0a3b989,7442ca0c-914a-4c29-af44-6622c59f01c9,Exit B,22.322236880000048,114.25797512000008,8.0
132e2ae5-06f4-4829-ab02-9e0e6d8051e2_Exit A1,4174f8d7-f940-48ef-b7ae-3b8db24f045d,132e2ae5-06f4-4829-ab02-9e0e6d8051e2,Exit A1,22.316094510000028,114.2641892900001,7.149999999994179
132e2ae5-06f4-4829-ab02-9e0e6d8051e2_Exit A2,7c720c67-0497-49fe-a27b-f521bc168de2,132e2ae5-06f4-4829-ab02-9e0e6d8051e2,Exit A2,22.316093370000033,114.26402251000002,7.149999999994179
132e2ae5-06f4-4829-ab02-9e0e6d8051e2_Exit A,8e175710-5a16-4be9-beca-7c76f732b69e,132e2ae5-06f4-4829-ab02-9e0e6d8051e2,Exit A,22.31595548000007,114.26412448000008,7.149999999994179
132e2ae5-06f4-4829-ab02-9e0e6d8051e2_Exit B,98aceb0c-580b-4f09-b397-a361aa5313e1,132e2ae5-06f4-4829-ab02-9e0e6d8051e2,Exit B,22.315371210000023,114.26452924000012,7.149999999994179
132e2ae5-06f4-4829-ab02-9e0e6d8051e2_Exit B2,4d92fe56-2496-4561-8a0d-5607c3c7eac6,132e2ae5-06f4-4829-ab02-9e0e6d8051e2,Exit B2,22.315261890000045,114.26455781000004,7.149999999994179
132e2ae5-06f4-4829-ab02-9e0e6d8051e2_Exit B1,b0920cd2-11c8-4866-97f3-4c7db2745955,132e2ae5-06f4-4829-ab02-9e0e6d8051e2,Exit B1,22.31530273000004,114.26463378000005,7.149999999994179
3ca7be38-6c54-477d-9ae6-cf9d34886bf6_Exit A1,da4592b0-89e0-491f-8a6f-8e6247fc772d,3ca7be38-6c54-477d-9ae6-cf9d34886bf6,Exit A1,22.310305260000064,114.18344371,23.0
3ca7be38-6c54-477d-9ae6-cf9d34886bf6_Exit A3,3fc0a19f-acd2-4f5a-a163-1a9bfc751c24,3ca7be38-6c54-477d-9ae6-cf9d34886bf6,Exit A3,22.310402260000046,114.18220738000002,41.60000000000582
3ca7be38-6c54-477d-9ae6-cf9d34886bf6_Exit A2,d47ea5ae-32c5-443b-aeb8-56e70ff62d2f,3ca7be38-6c54-477d-9ae6-cf9d34886bf6,Exit A2,22.31131430000005,114.1835163500001,38.89999999999418
3ca7be38-6c54-477d-9ae6-cf9d34886bf6_Exit B2,88ba0830-2531-4e4a-91fb-17cef59a1f75,3ca7be38-6c54-477d-9ae6-cf9d34886bf6,Exit B2,22.308928670000057,114.18226487000004,41.60000000000582
3ca7be38-6c54-477d-9ae6-cf9d34886bf6_Exit B1,0e727a70-d21f-4fed-9efc-4be8fb424064,3ca7be38-6c54-477d-9ae6-cf9d34886bf6,Exit B1,22.30927311000005,114.1828566800001,15.10000000000582
3ca7be38-6c54-477d-9ae6-cf9d34886bf6_Exit B,331ce054-e906-4e12-8f8e-8ce5189c37d7,3ca7be38-6c54-477d-9ae6-cf9d34886bf6,Exit B,22.309523530000035,114.1829360700001,8.5
3ca7be38-6c54-477d-9ae6-cf9d34886bf6_Exit A,dcad92ef-8643-48cb-9043-0feee3ddf4aa,3ca7be38-6c54-477d-9ae6-cf9d34886bf6,Exit A,22.310043670000027,114.18307281000011,8.5
3ca7be38-6c54-477d-9ae6-cf9d34886bf6_Exit C,1d6e2cca-9609-419f-a035-fb591ffcb153,3ca7be38-6c54-477d-9ae6-cf9d34886bf6,Exit C,22.30975748000003,114.18296805000011,8.5
3ca7be38-6c54-477d-9ae6-cf9d34886bf6_Exit A4,5658719c-f0b7-4ea2-8fe4-5c94f4af545b,3ca7be38-6c54-477d-9ae6-cf9d34886bf6,Exit A4,22.31062606000006,114.18327072000011,23.0
2478fc07-c370-4aab-b1e3-ccb129865bbf_Exit A2,76fee475-34b5-4387-8cc8-736c8bbc8ca6,2478fc07-c370-4aab-b1e3-ccb129865bbf,Exit A2,22.29818781000006,114.17246209000007,7.69999999999709
2478fc07-c370-4aab-b1e3-ccb129865bbf_Exit E,2fb15865-a523-41f4-9e10-19897960ae3c,2478fc07-c370-4aab-b1e3-ccb129865bbf,Exit E,22.296182240000064,114.17215632000011,7.69999999999709
2478fc07-c370-4aab-b1e3-ccb129865bbf_Exit C1,b2e4c582-b5e9-4ea2-86bd-b32525a949ba,2478fc07-c370-4aab-b1e3-ccb129865bbf,Exit C1,22.296909480000068,114.17212011000004,7.69999999999709
2478fc07-c370-4aab-b1e3-ccb129865bbf_Exit C2,b9ab76ec-06bf-472f-8ec2-dd203c31a79b,2478fc07-c370-4aab-b1e3-ccb129865bbf,Exit C2,22.297274720000075,114.17210091000004,7.69999999999709
2478fc07-c370-4aab-b1e3-ccb129865bbf_Exit D1,53a9bab0-87b8-4961-8986-909a0f830aeb,2478fc07-c370-4aab-b1e3-ccb129865bbf,Exit D1,22.297638470000038,114.17235045000007,7.69999999999709
2478fc07-c370-4aab-b1e3-ccb129865bbf_Exit D2,53ff6a50-dea7-4fc6-9951-3284606d56b0,2478fc07-c370-4aab-b1e3-ccb129865bbf,Exit D2,22.29766223000007,114.17275115000007,7.69999999999709
2478fc07-c370-4aab-b1e3-ccb129865bbf_Exit B1,4e23d3f1-0a44-4056-9c3e-c81e245c6086,2478fc07-c370-4aab-b1e3-ccb129865bbf,Exit B1,22.29874577000004,114.1722761200001,7.69999999999709
2478fc07-c370-4aab-b1e3-ccb129865bbf_Exit B2,bec0a53e-26b5-4ae5-ad07-e0d26bc3627e,2478fc07-c370-4aab-b1e3-ccb129865bbf,Exit B2,22.298763060000056,114.1725664700001,7.69999999999709
2478fc07-c370-4aab-b1e3-ccb129865bbf_Exit A1,8d535422-3d36-4ff1-96bd-fb981a1b1a5f,2478fc07-c370-4aab-b1e3-ccb129865bbf,Exit A1,22.29831783000003,114.17192197000008,7.69999999999709
2478fc07-c370-4aab-b1e3-ccb129865bbf_Exit H,ebe7b3e0-c042-4c07-8683-61fa065dab22,2478fc07-c370-4aab-b1e3-ccb129865bbf,Exit H,22.296713590000024,114.1720948300001,-4.5
2478fc07-c370-4aab-b1e3-ccb129865bbf_Exit B,7b735153-bbed-42d3-b3fa-76210b9b70b0,2478fc07-c370-4aab-b1e3-ccb129865bbf,Exit B,22.298615840000025,114.1721653300001,-4.5
2478fc07-c370-4aab-b1e3-ccb129865bbf_Exit A,6da1d5f1-2b4b-4a46-be08-6fe6d57c99a9,2478fc07-c370-4aab-b1e3-ccb129865bbf,Exit A,22.29845622000005,114.17199449000009,-4.5
2478fc07-c370-4aab-b1e3-ccb129865bbf_Exit D,0a84a321-f40e-4b6e-ab37-f481c7808b95,2478fc07-c370-4aab-b1e3-ccb129865bbf,Exit D,22.297662290000062,114.17225621000011,-4.5
2478fc07-c370-4aab-b1e3-ccb129865bbf_Exit R,303840f5-9a03-4cad-b7b7-9bad48287d38,2478fc07-c370-4aab-b1e3-ccb129865bbf,Exit R,22.29730156000005,114.1720591400001,-4.5
2478fc07-c370-4aab-b1e3-ccb129865bbf_Exit C,d44708a4-c78f-4396-aeef-f0a7c2cc8aa1,2478fc07-c370-4aab-b1e3-ccb129865bbf,Exit C,22.297236860000055,114.17206757000008,-4.5
2478fc07-c370-4aab-b1e3-ccb129865bbf_Exit D3,7924dbab-10dd-4cd7-93b6-c0f969046d24,2478fc07-c370-4aab-b1e3-ccb129865bbf,Exit D3,22.297682450000025,114.17303990000005,-4.5
be57a185-148f-4c73-a5cc-bebdcab61954_Exit C1,6cef1bb7-c2fa-425f-aa01-ccba9fe0a9d2,be57a185-148f-4c73-a5cc-bebdcab61954,Exit C1,22.39416668000007,113.97363917000007,4.5899999999965075
be57a185-148f-4c73-a5cc-bebdcab61954_Exit C2,a3dcd8f4-fb76-4d7b-9628-8a283abcf356,be57a185-148f-4c73-a5cc-bebdcab61954,Exit C2,22.394461110000066,113.9737848200001,4.5899999999965075
be57a185-148f-4c73-a5cc-bebdcab61954_Exit F,210b06be-527d-4940-ae8c-b94d61274adf,be57a185-148f-4c73-a5cc-bebdcab61954,Exit F,22.39629081000004,113.97340338000004,14.30000000000291
be57a185-148f-4c73-a5cc-bebdcab61954_Exit F1,6e166975-316a-48f7-96dc-1fe2e8cac0c7,be57a185-148f-4c73-a5cc-bebdcab61954,Exit F1,22.396434920000047,113.97335506000002,14.30000000000291
be57a185-148f-4c73-a5cc-bebdcab61954_Exit A,e74f39c2-1796-4d55-ba89-716f9c590aa0,be57a185-148f-4c73-a5cc-bebdcab61954,Exit A,22.394339940000066,113.97268193000002,4.5899999999965075
be57a185-148f-4c73-a5cc-bebdcab61954_Exit D,2161ad1f-c184-4971-a8f0-4b7a9d695d05,be57a185-148f-4c73-a5cc-bebdcab61954,Exit D,22.39535746000007,113.97339946000011,14.30000000000291
be57a185-148f-4c73-a5cc-bebdcab61954_Exit C3,200b14ec-332d-43e5-bebe-bced6f914bea,be57a185-148f-4c73-a5cc-bebdcab61954,Exit C3,22.394384570000057,113.9734200900001,14.30000000000291
be57a185-148f-4c73-a5cc-bebdcab61954_Exit B,7815a495-62f6-4d43-af7a-bcf32986acb6,be57a185-148f-4c73-a5cc-bebdcab61954,Exit B,22.394021210000062,113.97300956000004,14.30000000000291
be57a185-148f-4c73-a5cc-bebdcab61954_Exit F2,61cfaad5-7516-46b1-8684-6384633f6420,be57a185-148f-4c73-a5cc-bebdcab61954,Exit F2,22.396503480000035,113.9733855400001,4.5899999999965075
be57a185-148f-4c73-a5cc-bebdcab61954_Exit E,af713174-6214-460f-ab49-ee9006f3e141,be57a185-148f-4c73-a5cc-bebdcab61954,Exit E,22.396195780000028,113.97361095000008,14.30000000000291
93187202-7a40-4906-b7e4-1e56c37562db_Exit C1,8d63f16e-a687-4d12-8950-302137ceffdb,93187202-7a40-4906-b7e4-1e56c37562db,Exit C1,22.337033360000078,114.17543661000002,19.10000000000582
93187202-7a40-4906-b7e4-1e56c37562db_Exit G1,a71e630a-b7ea-4609-9b2d-42bbc5717a99,93187202-7a40-4906-b7e4-1e56c37562db,Exit G1,22.337201890000074,114.17628757000011,19.10000000000582
93187202-7a40-4906-b7e4-1e56c37562db_Exit D,9fadd2e1-00e8-4135-84b1-e55ff549a527,93187202-7a40-4906-b7e4-1e56c37562db,Exit D,22.33642762000005,114.17658834000008,19.10000000000582
93187202-7a40-4906-b7e4-1e56c37562db_Exit B,efa153e8-9da0-418f-a355-87f1c499a5d8,93187202-7a40-4906-b7e4-1e56c37562db,Exit B,22.336974810000072,114.17654748000007,19.10000000000582
93187202-7a40-4906-b7e4-1e56c37562db_Exit H,6ebf444b-aa94-492f-b5bb-260302894b3f,93187202-7a40-4906-b7e4-1e56c37562db,Exit H,22.33729322000005,114.17539408000005,19.10000000000582
93187202-7a40-4906-b7e4-1e56c37562db_Exit E,a026b7ed-dd22-4b14-a19a-33849aa08f1f,93187202-7a40-4906-b7e4-1e56c37562db,Exit E,22.336675940000077,114.17746896000006,19.10000000000582
93187202-7a40-4906-b7e4-1e56c37562db_Exit G,91319309-85e4-4e94-8bf3-e4568e0ddb6a,93187202-7a40-4906-b7e4-1e56c37562db,Exit G,22.337099410000064,114.17594071000008,12.039999999993597
93187202-7a40-4906-b7e4-1e56c37562db_Exit A,ab0b60af-cae9-44cd-88b8-ead001a12cc5,93187202-7a40-4906-b7e4-1e56c37562db,Exit A,22.336902210000062,114.17783021000002,12.039999999993597
93187202-7a40-4906-b7e4-1e56c37562db_Exit A2,4b941b7c-f8b4-429e-b16d-c5a2fbf92b75,93187202-7a40-4906-b7e4-1e56c37562db,Exit A2,22.336908790000052,114.17825301000005,21.10000000000582
93187202-7a40-4906-b7e4-1e56c37562db_Exit A1,3201c98f-a20b-4659-8a5c-10b5dbd93eff,93187202-7a40-4906-b7e4-1e56c37562db,Exit A1,22.33692736000006,114.17781416000003,21.10000000000582
93187202-7a40-4906-b7e4-1e56c37562db_Exit C,6247df32-330d-4647-a3e0-6a1f9c8023de,93187202-7a40-4906-b7e4-1e56c37562db,Exit C,22.336788110000043,114.17637539000009,12.039999999993597
93187202-7a40-4906-b7e4-1e56c37562db_Exit C2,f3ce0295-106b-4b7a-a820-a1492b9a1644,93187202-7a40-4906-b7e4-1e56c37562db,Exit C2,22.336686060000034,114.17559781000011,12.039999999993597
93187202-7a40-4906-b7e4-1e56c37562db_Exit F,7fd04790-36c2-4c9e-83f7-091ba5929ba4,93187202-7a40-4906-b7e4-1e56c37562db,Exit F,22.33707787000003,114.17621968000003,19.10000000000582
93187202-7a40-4906-b7e4-1e56c37562db_Exit G2,4b328628-d610-4c34-9617-6a6a229a3fae,93187202-7a40-4906-b7e4-1e56c37562db,Exit G2,22.33717142000006,114.17593913000007,19.10000000000582
2b6f740c-7f25-4893-8e13-c0e66714f3f4_Exit A,cd4e4915-76cb-4b23-9686-45c5b78e777b,2b6f740c-7f25-4893-8e13-c0e66714f3f4,Exit A,22.24819696000003,114.16794969000011,14.5
2b6f740c-7f25-4893-8e13-c0e66714f3f4_Exit B,42621ae5-7216-43c6-92be-9b06edffc789,2b6f740c-7f25-4893-8e13-c0e66714f3f4,Exit B,22.247728350000045,114.16696922000006,14.5
2b6f740c-7f25-4893-8e13-c0e66714f3f4_Exit A1,91421d51-2d53-45e4-ae2a-a3b124ae5b2c,2b6f740c-7f25-4893-8e13-c0e66714f3f4,Exit A1,22.24815117000003,114.16770517000009,5.899999999994179
2b6f740c-7f25-4893-8e13-c0e66714f3f4_Exit C,8c370626-3388-426f-8a35-55c64f0171cf,2b6f740c-7f25-4893-8e13-c0e66714f3f4,Exit C,22.24792271000007,114.16805839000006,14.5
2b6f740c-7f25-4893-8e13-c0e66714f3f4_Exit A2,2dff95a3-a384-40ce-b461-7f607e9e19de,2b6f740c-7f25-4893-8e13-c0e66714f3f4,Exit A2,22.248195400000043,114.16803961000005,5.990000000005239
ab544cf5-d41c-499b-9c2a-56e7796e9742_Exit P1,78510edf-7c7c-4ab9-bfc9-cd9e57412ac7,ab544cf5-d41c-499b-9c2a-56e7796e9742,Exit P1,22.296979110000052,114.1761366400001,4.100000000005821
ab544cf5-d41c-499b-9c2a-56e7796e9742_Exit L1,45d11fb3-b9de-4b87-ba10-0445d4e81378,ab544cf5-d41c-499b-9c2a-56e7796e9742,Exit L1,22.295771270000046,114.17313379000007,4.100000000005821
ab544cf5-d41c-499b-9c2a-56e7796e9742_Exit L3,de851072-a254-41fc-97b5-3f4a9c165b62,ab544cf5-d41c-499b-9c2a-56e7796e9742,Exit L3,22.295649620000063,114.17208110000001,4.100000000005821
ab544cf5-d41c-499b-9c2a-56e7796e9742_Exit K,338c50eb-3d78-4fb9-9bca-a61577acd049,ab544cf5-d41c-499b-9c2a-56e7796e9742,Exit K,22.29548316000006,114.17369617000008,4.100000000005821
ab544cf5-d41c-499b-9c2a-56e7796e9742_Exit N5,27537950-e3d1-477c-bc97-7e000a87f21b,ab544cf5-d41c-499b-9c2a-56e7796e9742,Exit N5,22.297032500000057,114.17262816000004,4.100000000005821
ab544cf5-d41c-499b-9c2a-56e7796e9742_Exit P2,637f7551-879c-4302-a9d1-68f9b2bc5eef,ab544cf5-d41c-499b-9c2a-56e7796e9742,Exit P2,22.297325070000056,114.17616281000005,4.100000000005821
ab544cf5-d41c-499b-9c2a-56e7796e9742_Exit N2,08224e8a-b47e-48a8-861d-27ae9b8df5ba,ab544cf5-d41c-499b-9c2a-56e7796e9742,Exit N2,22.29776024000006,114.1740119100001,4.100000000005821
ab544cf5-d41c-499b-9c2a-56e7796e9742_Exit N1,176816a7-8c0e-464d-955a-e6c9ba494d03,ab544cf5-d41c-499b-9c2a-56e7796e9742,Exit N1,22.297402530000056,114.17443632000004,4.100000000005821
ab544cf5-d41c-499b-9c2a-56e7796e9742_Exit L5,df9bcfe7-c2e7-45b7-9463-a2f66645a14f,ab544cf5-d41c-499b-9c2a-56e7796e9742,Exit L5,22.296123200000068,114.17036464000012,-4.5
ab544cf5-d41c-499b-9c2a-56e7796e9742_Exit P,72c3b54c-4879-4ecb-b4ff-f6939e9f51b0,ab544cf5-d41c-499b-9c2a-56e7796e9742,Exit P,22.297262180000075,114.1757044200001,-4.5
ab544cf5-d41c-499b-9c2a-56e7796e9742_Exit N,7754f39c-4271-40a1-98fa-c4c18024ae2a,ab544cf5-d41c-499b-9c2a-56e7796e9742,Exit N,22.297257780000052,114.17448586000012,-4.5
ab544cf5-d41c-499b-9c2a-56e7796e9742_Exit L,b5cc8471-d3ba-48a5-a22f-1aa2763e4c1a,ab544cf5-d41c-499b-9c2a-56e7796e9742,Exit L,22.295549020000067,114.17392026000005,-4.5
ab544cf5-d41c-499b-9c2a-56e7796e9742_Exit P3,2106d20c-d00c-42a4-b4fd-128b2264589c,ab544cf5-d41c-499b-9c2a-56e7796e9742,Exit P3,22.297234900000035,114.17535550000002,4.100000000005821
ab544cf5-d41c-499b-9c2a-56e7796e9742_Exit L4,135c5300-3480-4824-8793-9a98a904f68a,ab544cf5-d41c-499b-9c2a-56e7796e9742,Exit L4,22.29564860000005,114.17176916000005,-4.5
ab544cf5-d41c-499b-9c2a-56e7796e9742_Exit L6,6f1a21c9-aaf4-4327-99f2-52a3da270c4e,ab544cf5-d41c-499b-9c2a-56e7796e9742,Exit L6,22.295115460000034,114.17063722000012,-4.5
ab544cf5-d41c-499b-9c2a-56e7796e9742_Exit J,3baa6277-a6ac-4a64-9fcf-0a0e6cb3e8c5,ab544cf5-d41c-499b-9c2a-56e7796e9742,Exit J,22.294983570000056,114.17378881000002,-4.5
ab544cf5-d41c-499b-9c2a-56e7796e9742_Exit N4,8402fbc1-8b7f-4017-905f-85eee5f2ef5d,ab544cf5-d41c-499b-9c2a-56e7796e9742,Exit N4,22.29717259000006,114.17361948000007,-4.5
ab544cf5-d41c-499b-9c2a-56e7796e9742_Exit N3,7bd21a0b-7553-4964-8535-4ee3933b4bd4,ab544cf5-d41c-499b-9c2a-56e7796e9742,Exit N3,22.29747369000006,114.17424405000008,-4.5
1aaf245e-3643-49f4-b56f-4461026ee8d7_Exit B,26b5761f-8f4e-4423-892f-8d3a5f6b214c,1aaf245e-3643-49f4-b56f-4461026ee8d7,Exit B,22.382924720000062,114.18768565000005,11.80000000000291
1aaf245e-3643-49f4-b56f-4461026ee8d7_Exit A4,492b62d5-6dc5-4325-829a-13eeed981d40,1aaf245e-3643-49f4-b56f-4461026ee8d7,Exit A4,22.382184210000048,114.18731851000007,11.80000000000291
1aaf245e-3643-49f4-b56f-4461026ee8d7_Exit A3,27d37dc9-c0dd-4250-aaa1-3f840e442520,1aaf245e-3643-49f4-b56f-4461026ee8d7,Exit A3,22.38232761000006,114.18792746000008,11.80000000000291
1aaf245e-3643-49f4-b56f-4461026ee8d7_Exit A1,ef2e41f3-6459-481e-b9e4-2869d534f8bd,1aaf245e-3643-49f4-b56f-4461026ee8d7,Exit A1,22.382839630000035,114.18781907000005,11.80000000000291
1aaf245e-3643-49f4-b56f-4461026ee8d7_Exit A2,94b93834-19c4-452b-8033-eeb832648991,1aaf245e-3643-49f4-b56f-4461026ee8d7,Exit A2,22.38256793000005,114.18769095000005,11.80000000000291
1aaf245e-3643-49f4-b56f-4461026ee8d7_Exit A,15e293ed-068c-4a8b-beb2-005aad0330aa,1aaf245e-3643-49f4-b56f-4461026ee8d7,Exit A,22.382543790000057,114.18758919000004,11.80000000000291
c270ead6-7bea-4034-90f5-aca854937177_Exit C,3f753eb6-f8c4-469e-9da5-7387a8a9e456,c270ead6-7bea-4034-90f5-aca854937177,Exit C,22.289667700000052,113.94167611000012,7.149999999994179
c270ead6-7bea-4034-90f5-aca854937177_Exit D,8246bdb7-8749-43d1-a300-8f3fff74ba8c,c270ead6-7bea-4034-90f5-aca854937177,Exit D,22.289431920000027,113.9418357300001,7.149999999994179
c270ead6-7bea-4034-90f5-aca854937177_Exit A,8fab7a21-947c-4e90-bd8a-c12286f2a06e,c270ead6-7bea-4034-90f5-aca854937177,Exit A,22.288901120000048,113.94111429000009,7.149999999994179
c270ead6-7bea-4034-90f5-aca854937177_Exit B,e9479cfb-871a-4024-806b-801114eada5d,c270ead6-7bea-4034-90f5-aca854937177,Exit B,22.289062410000042,113.94097249000004,7.149999999994179
915de180-af75-4fac-a3a6-b8371cf18015_Exit A,2be0ade1-0e7a-48b0-9329-ec34e0d2357b,915de180-af75-4fac-a3a6-b8371cf18015,Exit A,22.41374176000005,114.20991898000011,5.5
915de180-af75-4fac-a3a6-b8371cf18015_Exit C,da04fc15-9357-4d64-a6ba-44e1c5d2b667,915de180-af75-4fac-a3a6-b8371cf18015,Exit C,22.414006140000026,114.20990189000008,5.5
915de180-af75-4fac-a3a6-b8371cf18015_Exit D,5ccd2845-6a5f-4b7a-b5cd-12ce932b6220,915de180-af75-4fac-a3a6-b8371cf18015,Exit D,22.415090770000063,114.21064837000006,10.69999999999709
915de180-af75-4fac-a3a6-b8371cf18015_Exit B,276e819e-ffb3-4ec8-8385-1fb93d3cb22d,915de180-af75-4fac-a3a6-b8371cf18015,Exit B,22.41337064000004,114.21032213000001,5.5
9a64c7d4-17fd-4ae9-954c-34ebbcaf2645_Exit B,4d12c4c8-54b6-4611-b9cc-3dd71fb354fa,9a64c7d4-17fd-4ae9-954c-34ebbcaf2645,Exit B,22.321717970000066,114.17252481000003,19.60000000000582
9a64c7d4-17fd-4ae9-954c-34ebbcaf2645_Exit A,ab7ef22b-4404-4f3f-a624-8d3f639bcee3,9a64c7d4-17fd-4ae9-954c-34ebbcaf2645,Exit A,22.321620720000055,114.1726819800001,19.60000000000582
9a64c7d4-17fd-4ae9-954c-34ebbcaf2645_Exit C,e43dfe60-fb8f-4659-8a2f-2133cc9b6225,9a64c7d4-17fd-4ae9-954c-34ebbcaf2645,Exit C,22.322589320000077,114.1725234600001,19.60000000000582
9a64c7d4-17fd-4ae9-954c-34ebbcaf2645_Exit D,16d9ac72-1eff-47d7-a1ee-a42cb90affa7,9a64c7d4-17fd-4ae9-954c-34ebbcaf2645,Exit D,22.32326738000006,114.17263039000011,19.60000000000582
036868f9-cb36-44ae-b1ee-7c18bb12dbed_Exit J3,cbc92b4c-741d-453f-a9ff-92ff72777c8c,036868f9-cb36-44ae-b1ee-7c18bb12dbed,Exit J3,22.281293400000038,114.16077236000001,0.0580000000045402
036868f9-cb36-44ae-b1ee-7c18bb12dbed_Exit A,a14e66d8-c676-4270-9676-24eeb8d2d690,036868f9-cb36-44ae-b1ee-7c18bb12dbed,Exit A,22.282816660000037,114.15784157000007,4.5
036868f9-cb36-44ae-b1ee-7c18bb12dbed_Exit K,20c99270-666b-4b55-bb6a-f34273ca2684,036868f9-cb36-44ae-b1ee-7c18bb12dbed,Exit K,22.28110952000003,114.15954394000005,3.8999999999941792
036868f9-cb36-44ae-b1ee-7c18bb12dbed_Exit B,a8d59163-2351-49ee-8a3d-40ff9016cbf8,036868f9-cb36-44ae-b1ee-7c18bb12dbed,Exit B,22.282606970000074,114.15752770000006,4.44999999999709
036868f9-cb36-44ae-b1ee-7c18bb12dbed_Exit C,1bcdf46e-fb5f-40f8-b543-6595481ecc91,036868f9-cb36-44ae-b1ee-7c18bb12dbed,Exit C,22.282230820000052,114.15743952000003,3.6300000000046566
036868f9-cb36-44ae-b1ee-7c18bb12dbed_Exit D2,0b1838ee-c5ef-46d2-a7f9-67ea6f5fcba2,036868f9-cb36-44ae-b1ee-7c18bb12dbed,Exit D2,22.281994130000044,114.15705646000004,2.664999999993597
036868f9-cb36-44ae-b1ee-7c18bb12dbed_Exit D1,523cfff4-2ad0-48d6-bbe0-cfe8c097f531,036868f9-cb36-44ae-b1ee-7c18bb12dbed,Exit D1,22.281812010000067,114.15721434000011,2.664999999993597
036868f9-cb36-44ae-b1ee-7c18bb12dbed_Exit E,8e175182-93d6-42e8-b5cc-9d5830cf2c4a,036868f9-cb36-44ae-b1ee-7c18bb12dbed,Exit E,22.281975490000036,114.15820158000008,3.9400000000023283
036868f9-cb36-44ae-b1ee-7c18bb12dbed_Exit F,923ee1de-f3a4-4391-8193-3c14e0319051,036868f9-cb36-44ae-b1ee-7c18bb12dbed,Exit F,22.281857720000062,114.1586400000001,4.30000000000291
036868f9-cb36-44ae-b1ee-7c18bb12dbed_Exit G,01e0a4dc-833e-4e8d-a80c-cf502ee8b9f1,036868f9-cb36-44ae-b1ee-7c18bb12dbed,Exit G,22.281794950000062,114.15763829000002,4.289999999993597
036868f9-cb36-44ae-b1ee-7c18bb12dbed_Exit J2,79fcc8b2-93a1-483c-907d-35394ad213dd,036868f9-cb36-44ae-b1ee-7c18bb12dbed,Exit J2,22.281057480000072,114.16076878000001,0.0580000000045402
036868f9-cb36-44ae-b1ee-7c18bb12dbed_Exit J1,cd442014-7b05-4713-93a0-56367c6f9331,036868f9-cb36-44ae-b1ee-7c18bb12dbed,Exit J1,22.281201390000035,114.16064977000008,0.0580000000045402
036868f9-cb36-44ae-b1ee-7c18bb12dbed_Exit D,ed446e3c-c5fa-47a6-96fe-1e8ae8e6cca1,036868f9-cb36-44ae-b1ee-7c18bb12dbed,Exit D,22.282207610000057,114.1577570500001,-1.320000000006985
036868f9-cb36-44ae-b1ee-7c18bb12dbed_Exit H,721c6839-0a0c-4145-ae2b-eeea33d2d0fc,036868f9-cb36-44ae-b1ee-7c18bb12dbed,Exit H,22.281759450000038,114.15869785000007,-1.320000000006985
036868f9-cb36-44ae-b1ee-7c18bb12dbed_Exit L,86a70c97-2bda-41ac-ac67-154babdfc36f,036868f9-cb36-44ae-b1ee-7c18bb12dbed,Exit L,22.281261980000068,114.16077082000004,-6.2299999999959255
036868f9-cb36-44ae-b1ee-7c18bb12dbed_Exit J,9148da80-53a4-4c7e-b8f3-73840eec7f04,036868f9-cb36-44ae-b1ee-7c18bb12dbed,Exit J,22.281163570000047,114.16069340000001,-6.2299999999959255
